50,1,DSDA02,0.5269632585411257
50,24,DSRM01,0.5532692653425169
50,16,DSDM05,0.5877960272439327
50,20,DSENG03,0.5882521379261756
50,0,DSDA01,0.5924337403780237
50,27,DSRM04,0.6029860733678839
50,6,DSDK01,0.6123997518229528
50,4,DSDA05,0.6126356374845126
50,26,DSRM03,0.6234761831071198
50,2,DSDA03,0.6265604684437102
50,5,DSDA06,0.6270294066433656
50,19,DSENG02,0.6364287193538365
50,28,DSRM05,0.6471550093689528
50,18,DSENG01,0.6474055856627381
50,29,DSRM06,0.6493041970153499
50,25,DSRM02,0.6522979143278169
50,23,DSENG06,0.6564800509646236
50,21,DSENG04,0.6690064979926447
50,7,DSDK02,0.6726956213768361
50,9,DSDK04,0.673924322877077
50,22,DSENG05,0.6761454060720482
50,3,DSDA04,0.6790071113918974
50,13,DSDM02,0.6811115392236256
50,15,DSDM04,0.6866402634200981
50,14,DSDM03,0.6891659192435122
50,17,DSDM06,0.6927372658096416
50,8,DSDK03,0.6930185432693148
50,10,DSDK05,0.69730689372625
50,12,DSDM01,0.7298393348451366
50,11,DSDK06,0.7493133423286995
51,13,DSDM02,0.5398812585543511
51,3,DSDA04,0.5641333406804786
51,0,DSDA01,0.5917074488475927
51,29,DSRM06,0.6040314521159116
51,27,DSRM04,0.6040629355105178
51,6,DSDK01,0.6287652163984483
51,26,DSRM03,0.628802158310376
51,24,DSRM01,0.6332230716606351
51,11,DSDK06,0.6412326630479424
51,16,DSDM05,0.6486136453604702
51,1,DSDA02,0.6488390517309042
51,17,DSDM06,0.6539722029046788
51,14,DSDM03,0.663909124340053
51,12,DSDM01,0.6668083064026542
51,23,DSENG06,0.6674189500300065
51,2,DSDA03,0.6676623416373055
51,21,DSENG04,0.6743741436004865
51,19,DSENG02,0.6808280085147018
51,8,DSDK03,0.6850557805979399
51,4,DSDA05,0.6891110692530937
51,20,DSENG03,0.6897282186513997
51,18,DSENG01,0.6959665430519335
51,5,DSDA06,0.7059960955819631
51,7,DSDK02,0.7236812532659413
51,10,DSDK05,0.7495360849042398
51,22,DSENG05,0.7513105143734466
51,15,DSDM04,0.7555177324826927
51,25,DSRM02,0.7629913184165923
51,9,DSDK04,0.7664855817685804
51,28,DSRM05,0.7780720143677955
52,27,DSRM04,0.47953364233199847
52,20,DSENG03,0.5210291091303001
52,0,DSDA01,0.5485267241005922
52,10,DSDK05,0.5732799275435304
52,2,DSDA03,0.5899476527368114
52,28,DSRM05,0.6436396738979292
52,11,DSDK06,0.6610374550356548
52,25,DSRM02,0.6625171689621383
52,7,DSDK02,0.6734563294270699
52,8,DSDK03,0.6757575002928764
52,24,DSRM01,0.6787210320539631
52,6,DSDK01,0.6942757544632163
52,5,DSDA06,0.7039857657987948
52,26,DSRM03,0.7189455212069417
52,29,DSRM06,0.7220041553689185
52,4,DSDA05,0.7267821770426987
52,22,DSENG05,0.7278008712455941
52,9,DSDK04,0.7342229646213769
52,1,DSDA02,0.7409924931995164
52,23,DSENG06,0.7443985707262948
52,17,DSDM06,0.7456763914975828
52,16,DSDM05,0.7886119713410189
52,19,DSENG02,0.7988351262275238
52,21,DSENG04,0.8025298928597784
52,12,DSDM01,0.8090175132518427
52,3,DSDA04,0.8100366916972157
52,18,DSENG01,0.8102001216225181
52,15,DSDM04,0.8255047016342502
52,14,DSDM03,0.8355645233485258
52,13,DSDM02,0.902374479860167
53,27,DSRM04,0.5063534432706918
53,25,DSRM02,0.5498648681644005
53,6,DSDK01,0.5513371203805435
53,26,DSRM03,0.5517899356549093
53,0,DSDA01,0.5701288320996116
53,19,DSENG02,0.5709058018524467
53,22,DSENG05,0.5772029484001322
53,29,DSRM06,0.5934382836272531
53,28,DSRM05,0.6007589358867025
53,9,DSDK04,0.6315285469675012
53,10,DSDK05,0.6354804722334497
53,15,DSDM04,0.6383388567472761
53,18,DSENG01,0.6397122618151658
53,23,DSENG06,0.6401900779847982
53,13,DSDM02,0.6580088231075829
53,7,DSDK02,0.6623358475048016
53,8,DSDK03,0.6652998499241091
53,14,DSDM03,0.669056160633555
53,4,DSDA05,0.6767657882195304
53,2,DSDA03,0.6788595172193916
53,21,DSENG04,0.7014984000814315
53,24,DSRM01,0.7039111437706687
53,20,DSENG03,0.7044074871038175
53,17,DSDM06,0.7074946266797046
53,16,DSDM05,0.7155510400440881
53,3,DSDA04,0.7168099904203104
53,5,DSDA06,0.7575740709449823
53,12,DSDM01,0.7578588932689809
53,1,DSDA02,0.7599179856349121
53,11,DSDK06,0.7705223796671123
54,18,DSENG01,0.5681478717371192
54,19,DSENG02,0.5856674357092626
54,20,DSENG03,0.6188377643655166
54,9,DSDK04,0.6358135002547296
54,22,DSENG05,0.6509867511121487
54,0,DSDA01,0.6625384641405572
54,26,DSRM03,0.6653849575429749
54,15,DSDM04,0.6739523452563374
54,29,DSRM06,0.6788732592630378
54,23,DSENG06,0.689015921814294
54,10,DSDK05,0.6909180159599595
54,28,DSRM05,0.6958257521759714
54,4,DSDA05,0.6966518865951018
54,14,DSDM03,0.700325634058674
54,25,DSRM02,0.7051702180838011
54,6,DSDK01,0.7079386969350717
54,12,DSDM01,0.7128808963883799
54,13,DSDM02,0.7256643012326072
54,21,DSENG04,0.7264162561704433
54,2,DSDA03,0.7270297993487659
54,3,DSDA04,0.7404542263092129
54,1,DSDA02,0.7616887859690018
54,7,DSDK02,0.7650617542927154
54,17,DSDM06,0.772680055909275
54,5,DSDA06,0.7846059773608381
54,11,DSDK06,0.7935766723872387
54,16,DSDM05,0.7954100487284889
54,27,DSRM04,0.797468594803596
54,24,DSRM01,0.8125671813671813
54,8,DSDK03,0.8338891992225044
55,11,DSDK06,0.5424178901122563
55,10,DSDK05,0.5442098337458566
55,25,DSRM02,0.5745795642430411
55,3,DSDA04,0.6138250485185082
55,0,DSDA01,0.6171317227764666
55,21,DSENG04,0.6344233564733982
55,20,DSENG03,0.6355289380319353
55,4,DSDA05,0.6360189757947179
55,14,DSDM03,0.6373535394894871
55,7,DSDK02,0.6529416099250468
55,24,DSRM01,0.6582268151926338
55,16,DSDM05,0.6599485713808679
55,12,DSDM01,0.6602615849313076
55,15,DSDM04,0.6697061183472002
55,26,DSRM03,0.6762988071485379
55,6,DSDK01,0.676943525460842
55,22,DSENG05,0.6841829729914883
55,13,DSDM02,0.6852892527063801
55,23,DSENG06,0.694021371934658
55,2,DSDA03,0.6957263498288406
55,29,DSRM06,0.6975271898700284
55,27,DSRM04,0.6979332981229581
55,19,DSENG02,0.706717507757419
55,8,DSDK03,0.7094124180137915
55,17,DSDM06,0.7137065613606349
55,1,DSDA02,0.7270404422135918
55,9,DSDK04,0.7449257772397422
55,28,DSRM05,0.7611821517401414
55,5,DSDA06,0.7841102842594784
55,18,DSENG01,0.8103181761575171
56,1,DSDA02,0.4950720021682282
56,25,DSRM02,0.49859676816276866
56,20,DSENG03,0.5749971358592945
56,16,DSDM05,0.5882530150001628
56,19,DSENG02,0.5892467185340545
56,21,DSENG04,0.6020104553379548
56,11,DSDK06,0.6032019981312569
56,22,DSENG05,0.6033708111485947
56,4,DSDA05,0.6108659808117094
56,26,DSRM03,0.6133228251797587
56,5,DSDA06,0.6146511825841268
56,24,DSRM01,0.6178227087859982
56,27,DSRM04,0.6242331398453
56,2,DSDA03,0.6476693244056322
56,3,DSDA04,0.6524502526933029
56,10,DSDK05,0.6552888802741854
56,23,DSENG06,0.6573863373801326
56,18,DSENG01,0.6617314819060871
56,0,DSDA01,0.6641166181907081
56,9,DSDK04,0.6664280110620237
56,8,DSDK03,0.6690563761951991
56,29,DSRM06,0.6715686347468242
56,17,DSDM06,0.6861688312032095
56,7,DSDK02,0.6902478148063177
56,15,DSDM04,0.6930502793863618
56,12,DSDM01,0.7044974687957137
56,28,DSRM05,0.7045745538606834
56,13,DSDM02,0.7294095844999633
56,6,DSDK01,0.7380698859348722
56,14,DSDM03,0.7702085406629136
57,18,DSENG01,0.5035849409172135
57,9,DSDK04,0.5158454525857379
57,10,DSDK05,0.5584070456161094
57,19,DSENG02,0.5625430065651476
57,0,DSDA01,0.5629917250915963
57,26,DSRM03,0.5713677011868019
57,29,DSRM06,0.5845727659970865
57,27,DSRM04,0.5968961867682651
57,6,DSDK01,0.6088048673738429
57,28,DSRM05,0.6109174055923255
57,13,DSDM02,0.6348694403748298
57,23,DSENG06,0.646386158629052
57,20,DSENG03,0.647489605903572
57,17,DSDM06,0.6492309577248292
57,22,DSENG05,0.6539404502687334
57,15,DSDM04,0.6740781001666625
57,14,DSDM03,0.676817370687516
57,1,DSDA02,0.6882908572327884
57,7,DSDK02,0.6935284131001718
57,8,DSDK03,0.6945518170994156
57,25,DSRM02,0.6969836670910322
57,16,DSDM05,0.7007920938239606
57,2,DSDA03,0.7008603165416294
57,4,DSDA05,0.7047763166092618
57,3,DSDA04,0.7148103167300252
57,21,DSENG04,0.7171238608959999
57,5,DSDA06,0.7189300727242722
57,11,DSDK06,0.7195861253018766
57,24,DSRM01,0.7337627104747564
57,12,DSDM01,0.7424155341766081
58,22,DSENG05,0.5223336240801273
58,1,DSDA02,0.5828741572634579
58,0,DSDA01,0.5830272079112053
58,6,DSDK01,0.6113047127935528
58,27,DSRM04,0.6147673352230308
58,10,DSDK05,0.6194000200651821
58,8,DSDK03,0.6269910081157306
58,20,DSENG03,0.6273039375319253
58,19,DSENG02,0.6275825479087876
58,26,DSRM03,0.6282647661518546
58,21,DSENG04,0.6400262087757926
58,7,DSDK02,0.6528901611617999
58,4,DSDA05,0.6592594881880229
58,18,DSENG01,0.660383166123125
58,11,DSDK06,0.6718796205742688
58,5,DSDA06,0.6793022272267599
58,29,DSRM06,0.6793290058164265
58,24,DSRM01,0.682251118153483
58,23,DSENG06,0.6892847532211474
58,25,DSRM02,0.6912424561082139
58,2,DSDA03,0.6929283394925465
58,17,DSDM06,0.6993390769836971
58,16,DSDM05,0.701641401446041
58,3,DSDA04,0.7174269964897511
58,9,DSDK04,0.718524166578939
58,13,DSDM02,0.7221784195017006
58,15,DSDM04,0.7260161984869844
58,14,DSDM03,0.7303462814339035
58,28,DSRM05,0.7683628457011179
58,12,DSDM01,0.8331477455044975
59,9,DSDK04,0.5359803749456565
59,18,DSENG01,0.568454702853243
59,26,DSRM03,0.5749664847201359
59,14,DSDM03,0.5817667568789954
59,13,DSDM02,0.5921067967326076
59,27,DSRM04,0.5963790334982024
59,0,DSDA01,0.6039000546860346
59,10,DSDK05,0.6138170650222097
59,23,DSENG06,0.6161228060976098
59,15,DSDM04,0.6181726005833141
59,29,DSRM06,0.6273377823929611
59,28,DSRM05,0.6392325649635577
59,6,DSDK01,0.6406497080876324
59,3,DSDA04,0.6565801630106467
59,19,DSENG02,0.6665092840977147
59,17,DSDM06,0.6981604939685941
59,1,DSDA02,0.6984030863927762
59,2,DSDA03,0.7091434368974836
59,16,DSDM05,0.7223129378143129
59,5,DSDA06,0.7239430176949819
59,12,DSDM01,0.7257319698158027
59,7,DSDK02,0.7263503373212916
59,20,DSENG03,0.7341650546716753
59,8,DSDK03,0.7391060000527833
59,24,DSRM01,0.7477142879023155
59,22,DSENG05,0.7526678607459403
59,4,DSDA05,0.759185522485181
59,11,DSDK06,0.761759003917482
59,25,DSRM02,0.7696492737870357
59,21,DSENG04,0.7851644129243834
60,0,DSDA01,0.5304836727995237
60,19,DSENG02,0.5660802211645538
60,10,DSDK05,0.566595075652516
60,29,DSRM06,0.5668426569518149
60,25,DSRM02,0.5704629928578318
60,6,DSDK01,0.578373887518949
60,22,DSENG05,0.5829317065417785
60,18,DSENG01,0.5912469653149117
60,7,DSDK02,0.5983617258968497
60,26,DSRM03,0.5990360398898296
60,27,DSRM04,0.6037900124541027
60,16,DSDM05,0.6164380346305902
60,14,DSDM03,0.6184665113197904
60,8,DSDK03,0.621498103262625
60,15,DSDM04,0.6335161856098219
60,28,DSRM05,0.6431034138336866
60,2,DSDA03,0.6522087601603193
60,4,DSDA05,0.6566758533764967
60,24,DSRM01,0.6568487571643832
60,13,DSDM02,0.6667891985778047
60,1,DSDA02,0.6687090789471645
60,20,DSENG03,0.672619795380222
60,9,DSDK04,0.6745153519843525
60,11,DSDK06,0.6815450586498584
60,21,DSENG04,0.6831551743391562
60,5,DSDA06,0.6941054522685302
60,23,DSENG06,0.7001734343702606
60,3,DSDA04,0.7006430318130489
60,12,DSDM01,0.7069694625165385
60,17,DSDM06,0.715587344696997
61,10,DSDK05,0.5143546238495252
61,22,DSENG05,0.5736458901366219
61,7,DSDK02,0.5950050862791154
61,11,DSDK06,0.6046818748272083
61,5,DSDA06,0.6053925651718859
61,25,DSRM02,0.6073466179188174
61,26,DSRM03,0.6159882292814083
61,16,DSDM05,0.6569817269450834
61,4,DSDA05,0.6592623774935151
61,8,DSDK03,0.6682323639097927
61,21,DSENG04,0.6745693688400469
61,29,DSRM06,0.6877999985297192
61,1,DSDA02,0.6893154158015113
61,28,DSRM05,0.6915459548688385
61,3,DSDA04,0.7030934648702181
61,27,DSRM04,0.7093133783144475
61,9,DSDK04,0.7114548319135131
61,15,DSDM04,0.7135828506947486
61,23,DSENG06,0.7160795880302232
61,14,DSDM03,0.7172576081941402
61,0,DSDA01,0.718313829714055
61,20,DSENG03,0.7197864205605323
61,2,DSDA03,0.7218574469305713
61,18,DSENG01,0.7226264252338532
61,12,DSDM01,0.7231618754510457
61,6,DSDK01,0.7237752937139206
61,13,DSDM02,0.7441563517192077
61,19,DSENG02,0.7462994998712432
61,17,DSDM06,0.760839642545401
61,24,DSRM01,0.7826990284022483
62,10,DSDK05,0.5216913616632661
62,1,DSDA02,0.5434416256035529
62,0,DSDA01,0.5739390957762387
62,9,DSDK04,0.5964907602394975
62,22,DSENG05,0.600723337560281
62,28,DSRM05,0.62185075508817
62,27,DSRM04,0.6257164704560352
62,20,DSENG03,0.6260450827033275
62,5,DSDA06,0.6499438894806263
62,8,DSDK03,0.6543473891754861
62,25,DSRM02,0.6595235750190749
62,11,DSDK06,0.6617303886076541
62,24,DSRM01,0.6645263204909894
62,16,DSDM05,0.664913372738954
62,4,DSDA05,0.6666564499456273
62,2,DSDA03,0.678153171815409
62,7,DSDK02,0.6858121127614005
62,3,DSDA04,0.6884506774320769
62,26,DSRM03,0.6920238602616211
62,29,DSRM06,0.696075129104292
62,6,DSDK01,0.7005408304129903
62,17,DSDM06,0.7074418019398396
62,19,DSENG02,0.7109994266633348
62,21,DSENG04,0.7476820269107847
62,15,DSDM04,0.7485627291355995
62,23,DSENG06,0.7565318352485398
62,18,DSENG01,0.7656121606257762
62,14,DSDM03,0.7744413704508497
62,12,DSDM01,0.789855721035617
62,13,DSDM02,0.8160160655838811
63,7,DSDK02,0.5377243881452324
63,25,DSRM02,0.5402476233887932
63,11,DSDK06,0.5937127828170742
63,10,DSDK05,0.6022657736669081
63,29,DSRM06,0.6136738209253989
63,2,DSDA03,0.6164639042564095
63,19,DSENG02,0.6355304419103176
63,4,DSDA05,0.6435330265860572
63,8,DSDK03,0.6453001628778009
63,27,DSRM04,0.6494709714126924
63,16,DSDM05,0.6624792579279455
63,20,DSENG03,0.6647685175178619
63,26,DSRM03,0.677280268249521
63,9,DSDK04,0.6810615744459045
63,6,DSDK01,0.6862154169276367
63,0,DSDA01,0.6978443260738048
63,28,DSRM05,0.6981487473999031
63,3,DSDA04,0.7034211078634738
63,24,DSRM01,0.7081685669483685
63,22,DSENG05,0.7326976786642748
63,23,DSENG06,0.737869619760197
63,21,DSENG04,0.7384994805721579
63,1,DSDA02,0.7505487055688562
63,17,DSDM06,0.7740041473562029
63,15,DSDM04,0.7905270222111727
63,5,DSDA06,0.795995154611177
63,18,DSENG01,0.8001373551963441
63,14,DSDM03,0.8166465407556203
63,13,DSDM02,0.8188605995804398
63,12,DSDM01,0.842667632103311
64,7,DSDK02,0.5969915873950065
64,12,DSDM01,0.6097640132250293
64,1,DSDA02,0.6252942638254841
64,4,DSDA05,0.6418861951945442
64,3,DSDA04,0.6449572968689081
64,6,DSDK01,0.6504523379927463
64,11,DSDK06,0.6520157818086028
64,21,DSENG04,0.6562454205831298
64,16,DSDM05,0.6586297848603127
64,14,DSDM03,0.6703389340141421
64,5,DSDA06,0.6711102505242522
64,15,DSDM04,0.6729226769757104
64,10,DSDK05,0.6862390541646985
64,13,DSDM02,0.6936785068346079
64,8,DSDK03,0.6947384955247962
64,2,DSDA03,0.6990909941852536
64,22,DSENG05,0.7070493184327424
64,9,DSDK04,0.7081854487392016
64,17,DSDM06,0.7100720194265357
64,24,DSRM01,0.7140846719069999
64,20,DSENG03,0.7176261973601918
64,27,DSRM04,0.7186748250275696
64,23,DSENG06,0.7191203519409632
64,18,DSENG01,0.7217151375014313
64,0,DSDA01,0.7299307533253387
64,19,DSENG02,0.7309816064244166
64,25,DSRM02,0.7506274448068064
64,26,DSRM03,0.7547437091218991
64,29,DSRM06,0.7661075439942776
64,28,DSRM05,0.7780728702864005
65,29,DSRM06,0.511311130011987
65,10,DSDK05,0.5195116064143352
65,0,DSDA01,0.546351998766326
65,11,DSDK06,0.5539149606981686
65,19,DSENG02,0.563876149638973
65,4,DSDA05,0.5992818367730632
65,15,DSDM04,0.607006110497734
65,2,DSDA03,0.6136407493014991
65,7,DSDK02,0.6141551455964971
65,14,DSDM03,0.620456492973114
65,18,DSENG01,0.6244644633563474
65,8,DSDK03,0.6338728333831776
65,6,DSDK01,0.6379447907711059
65,13,DSDM02,0.6441966752880328
65,27,DSRM04,0.6454309139173637
65,22,DSENG05,0.6756853226544566
65,3,DSDA04,0.6831940648056438
65,25,DSRM02,0.6864829445765885
65,28,DSRM05,0.6908875940224621
65,20,DSENG03,0.6951879675842227
65,26,DSRM03,0.7114054425884839
65,16,DSDM05,0.7170680079199375
65,5,DSDA06,0.7396792314754594
65,12,DSDM01,0.7399117615028017
65,23,DSENG06,0.7446549197222567
65,24,DSRM01,0.7534656465094475
65,1,DSDA02,0.7757531502069217
65,9,DSDK04,0.7885843122132025
65,17,DSDM06,0.8079650306152057
65,21,DSENG04,0.8171134539384928
66,9,DSDK04,0.5444314249685249
66,18,DSENG01,0.5990039646509839
66,10,DSDK05,0.6015184249788748
66,0,DSDA01,0.6047479716828321
66,26,DSRM03,0.606219945237606
66,27,DSRM04,0.626125873842891
66,4,DSDA05,0.6273885409275782
66,6,DSDK01,0.6332690401947008
66,8,DSDK03,0.6417900292319029
66,11,DSDK06,0.6486196408405419
66,7,DSDK02,0.6562215135513362
66,25,DSRM02,0.6602604943354184
66,28,DSRM05,0.6664499751871908
66,24,DSRM01,0.6684741821234743
66,1,DSDA02,0.6803966159381101
66,2,DSDA03,0.6804771213030494
66,17,DSDM06,0.6887399271838888
66,21,DSENG04,0.6929362977784423
66,19,DSENG02,0.6937597866138325
66,20,DSENG03,0.6960890782954247
66,22,DSENG05,0.7260765474164357
66,23,DSENG06,0.7323522184941906
66,5,DSDA06,0.7334453640350163
66,3,DSDA04,0.738308861744432
66,29,DSRM06,0.7447574039479941
66,14,DSDM03,0.7633863131451164
66,13,DSDM02,0.7640964202490343
66,16,DSDM05,0.7695604656524455
66,15,DSDM04,0.8080515853530774
66,12,DSDM01,0.8229003971833573
67,0,DSDA01,0.5550564410353365
67,18,DSENG01,0.5655182440577865
67,3,DSDA04,0.5684604478915356
67,10,DSDK05,0.5717933919584082
67,4,DSDA05,0.5784313670034942
67,17,DSDM06,0.5876776779565958
67,6,DSDK01,0.5997866482505338
67,25,DSRM02,0.6015774220212695
67,9,DSDK04,0.613006660951347
67,26,DSRM03,0.6334404967083088
67,13,DSDM02,0.6351196882068957
67,21,DSENG04,0.6353483087228332
67,19,DSENG02,0.6396710013029525
67,1,DSDA02,0.6436331270035894
67,5,DSDA06,0.6558113502033486
67,15,DSDM04,0.6760659877148125
67,20,DSENG03,0.6771660768575856
67,28,DSRM05,0.6958005827181071
67,2,DSDA03,0.7068747854905074
67,27,DSRM04,0.7100686486748029
67,22,DSENG05,0.7111707139693275
67,16,DSDM05,0.7207544769269193
67,8,DSDK03,0.7230815266564163
67,12,DSDM01,0.7299117911247409
67,29,DSRM06,0.7405038984450227
67,14,DSDM03,0.7447770560382496
67,11,DSDK06,0.7488838651159262
67,7,DSDK02,0.7596064686037489
67,24,DSRM01,0.7702895799177352
67,23,DSENG06,0.7879725798582469
68,5,DSDA06,0.549636154958669
68,4,DSDA05,0.6113313557346839
68,2,DSDA03,0.6137027537665736
68,17,DSDM06,0.6243797371324941
68,18,DSENG01,0.6290364758527321
68,11,DSDK06,0.6524471602414713
68,10,DSDK05,0.6581314514136367
68,0,DSDA01,0.6602044783182321
68,24,DSRM01,0.6624320006855222
68,7,DSDK02,0.6639665303888714
68,22,DSENG05,0.6769012673281405
68,27,DSRM04,0.6837183200119531
68,6,DSDK01,0.6841030950120452
68,28,DSRM05,0.6915757800926141
68,8,DSDK03,0.6921425334277906
68,12,DSDM01,0.6929473230092582
68,26,DSRM03,0.693692039540357
68,3,DSDA04,0.6982292308419444
68,23,DSENG06,0.7035636531927512
68,20,DSENG03,0.7039925846059545
68,13,DSDM02,0.7098625103806078
68,1,DSDA02,0.7134392310749453
68,21,DSENG04,0.7139538968890653
68,15,DSDM04,0.721660554894241
68,19,DSENG02,0.7326350070597776
68,16,DSDM05,0.733219578232162
68,9,DSDK04,0.7400789058549033
68,14,DSDM03,0.7627626162316721
68,29,DSRM06,0.7935118925539426
68,25,DSRM02,0.8435566622322085
69,5,DSDA06,0.5218857850878821
69,21,DSENG04,0.5982616951517565
69,11,DSDK06,0.6068276884136785
69,20,DSENG03,0.6307847534257534
69,18,DSENG01,0.6429246975078995
69,10,DSDK05,0.6696140922974088
69,27,DSRM04,0.6701855082153073
69,17,DSDM06,0.6724548538967776
69,24,DSRM01,0.6760811600245429
69,3,DSDA04,0.6773813583933934
69,26,DSRM03,0.6814467234342683
69,22,DSENG05,0.6827110694283376
69,6,DSDK01,0.6933935221665646
69,7,DSDK02,0.705160182897729
69,28,DSRM05,0.7090671198812619
69,8,DSDK03,0.7094698721085516
69,0,DSDA01,0.720271487229647
69,4,DSDA05,0.7207517239724305
69,2,DSDA03,0.7294235660863004
69,25,DSRM02,0.7295953834420175
69,19,DSENG02,0.7359883333376425
69,1,DSDA02,0.7399765028212997
69,13,DSDM02,0.7454053555271386
69,23,DSENG06,0.7458265315858011
69,9,DSDK04,0.7629346171783635
69,16,DSDM05,0.7656379746988543
69,12,DSDM01,0.7815792684861088
69,29,DSRM06,0.7818204055843387
69,15,DSDM04,0.7876396124818432
69,14,DSDM03,0.8017615917225172
70,20,DSENG03,0.47714875459907113
70,10,DSDK05,0.5585551947655114
70,3,DSDA04,0.558624823983661
70,22,DSENG05,0.5873470504273482
70,21,DSENG04,0.6017081752368114
70,24,DSRM01,0.611182539723939
70,6,DSDK01,0.6188281500261551
70,11,DSDK06,0.6277668713272275
70,2,DSDA03,0.6361055873589972
70,16,DSDM05,0.6404603788834324
70,26,DSRM03,0.6477786253442677
70,1,DSDA02,0.6505563316269231
70,29,DSRM06,0.6570359991421288
70,4,DSDA05,0.666455819974543
70,9,DSDK04,0.6675498421355418
70,15,DSDM04,0.6759134156256814
70,12,DSDM01,0.6782220350440993
70,19,DSENG02,0.6814531040514031
70,18,DSENG01,0.684776107455638
70,0,DSDA01,0.6916107793386097
70,27,DSRM04,0.6957153167379043
70,23,DSENG06,0.6998433730084508
70,8,DSDK03,0.7046954286627438
70,25,DSRM02,0.7064591976025099
70,14,DSDM03,0.7093594965201981
70,28,DSRM05,0.7117648885536858
70,7,DSDK02,0.7161566866514567
70,13,DSDM02,0.7241510589929319
70,17,DSDM06,0.7527940940838534
70,5,DSDA06,0.7762172791566658
71,27,DSRM04,0.5039212263744233
71,0,DSDA01,0.5072718560509146
71,25,DSRM02,0.5206630095079547
71,29,DSRM06,0.5216876137395885
71,7,DSDK02,0.553852588599496
71,10,DSDK05,0.5556815670717942
71,17,DSDM06,0.5715019433023905
71,3,DSDA04,0.5900461863729927
71,4,DSDA05,0.5974711970971349
71,2,DSDA03,0.5989501311837246
71,24,DSRM01,0.6076546912611183
71,20,DSENG03,0.6089416902238927
71,8,DSDK03,0.6093505915966106
71,6,DSDK01,0.6105783873244461
71,28,DSRM05,0.613527487429707
71,22,DSENG05,0.6179588053088045
71,11,DSDK06,0.6357521824075623
71,19,DSENG02,0.6372596925117133
71,14,DSDM03,0.6474818572129883
71,1,DSDA02,0.6750040807509727
71,9,DSDK04,0.6756112067546614
71,5,DSDA06,0.6789874568301512
71,13,DSDM02,0.6808137539509282
71,16,DSDM05,0.6841323519229787
71,18,DSENG01,0.6907293982995057
71,12,DSDM01,0.6962098458120409
71,26,DSRM03,0.7008048636294917
71,15,DSDM04,0.7032492322054145
71,21,DSENG04,0.7227386368907822
71,23,DSENG06,0.7509078447615016
72,27,DSRM04,0.5275712888325754
72,1,DSDA02,0.5562330250404841
72,9,DSDK04,0.5813390488455166
72,26,DSRM03,0.5834516703082849
72,0,DSDA01,0.5959353543970545
72,28,DSRM05,0.6069423410025419
72,2,DSDA03,0.6073745087444198
72,6,DSDK01,0.6115782941065464
72,20,DSENG03,0.6212286196064731
72,25,DSRM02,0.6215917449473443
72,10,DSDK05,0.6366826805435717
72,19,DSENG02,0.6402509372626672
72,18,DSENG01,0.6565518120584681
72,13,DSDM02,0.6726839142617569
72,29,DSRM06,0.6755508591366408
72,22,DSENG05,0.678419409112569
72,3,DSDA04,0.6839564721304326
72,4,DSDA05,0.6843048801374985
72,8,DSDK03,0.6872140440407382
72,5,DSDA06,0.6917422380278774
72,24,DSRM01,0.6931734021802045
72,23,DSENG06,0.7130827795717429
72,7,DSDK02,0.7203484491045765
72,15,DSDM04,0.7243023576537491
72,17,DSDM06,0.7296717735213122
72,16,DSDM05,0.7299381064286321
72,14,DSDM03,0.7339898276124337
72,12,DSDM01,0.7785613876418727
72,11,DSDK06,0.783056619142421
72,21,DSENG04,0.7930527613146922
73,6,DSDK01,0.5535914213758089
73,27,DSRM04,0.5554336630110865
73,29,DSRM06,0.5575390785016439
73,24,DSRM01,0.5585574541904733
73,10,DSDK05,0.5607431716559483
73,25,DSRM02,0.5742077165648014
73,0,DSDA01,0.5922879709459838
73,22,DSENG05,0.5936253744889413
73,2,DSDA03,0.6054104221700221
73,26,DSRM03,0.6102409485629299
73,20,DSENG03,0.6161739308222488
73,19,DSENG02,0.6241194609430334
73,8,DSDK03,0.6539820501568645
73,7,DSDK02,0.6555020747010587
73,4,DSDA05,0.6573249197168705
73,3,DSDA04,0.6609195655349023
73,21,DSENG04,0.6643954155390182
73,23,DSENG06,0.6645901233513914
73,13,DSDM02,0.6662093741955303
73,14,DSDM03,0.6753070171067552
73,15,DSDM04,0.6765909837101761
73,11,DSDK06,0.6861925391272787
73,28,DSRM05,0.6875358459353287
73,9,DSDK04,0.6897551885327706
73,18,DSENG01,0.7075735974889753
73,1,DSDA02,0.7406045974448827
73,12,DSDM01,0.7474721899943699
73,5,DSDA06,0.7600497084372766
73,17,DSDM06,0.7628320529075986
73,16,DSDM05,0.7656364981333241
74,2,DSDA03,0.5399750980283682
74,22,DSENG05,0.5454328813437249
74,8,DSDK03,0.5564133373422371
74,1,DSDA02,0.5855528306069495
74,20,DSENG03,0.5935123188262386
74,7,DSDK02,0.6153925761674559
74,3,DSDA04,0.6209360548365389
74,4,DSDA05,0.6217550301672983
74,21,DSENG04,0.6229844130418342
74,24,DSRM01,0.6389898140718997
74,23,DSENG06,0.6563310007644183
74,11,DSDK06,0.6635302856999064
74,17,DSDM06,0.6748773498048554
74,25,DSRM02,0.6818329098954182
74,16,DSDM05,0.6824808231799786
74,6,DSDK01,0.6830464760077795
74,26,DSRM03,0.6861502453387522
74,15,DSDM04,0.6886239763791169
74,27,DSRM04,0.6933309355532981
74,29,DSRM06,0.6995578031725944
74,19,DSENG02,0.7048278274501921
74,0,DSDA01,0.7132564770959111
74,13,DSDM02,0.7226318948429917
74,10,DSDK05,0.7304027113444348
74,5,DSDA06,0.7338350927979721
74,18,DSENG01,0.7346473763303865
74,28,DSRM05,0.742305479635562
74,12,DSDM01,0.758678214135764
74,14,DSDM03,0.7629493844013748
74,9,DSDK04,0.8063857461809784
75,28,DSRM05,0.5411867677332882
75,9,DSDK04,0.5581584893197455
75,1,DSDA02,0.5726218259483165
75,26,DSRM03,0.5949366451314652
75,16,DSDM05,0.622477259641524
75,18,DSENG01,0.6330823670854888
75,23,DSENG06,0.6335527986655335
75,15,DSDM04,0.6357673613436432
75,13,DSDM02,0.6431554184332074
75,12,DSDM01,0.645196790878328
75,17,DSDM06,0.655747701098838
75,21,DSENG04,0.6565415165135764
75,5,DSDA06,0.6616748246921518
75,22,DSENG05,0.6664139428485456
75,4,DSDA05,0.6672628513320632
75,7,DSDK02,0.6683882777184131
75,27,DSRM04,0.6724230736116337
75,11,DSDK06,0.6736001337236333
75,3,DSDA04,0.6932120411069339
75,6,DSDK01,0.6975780331040311
75,14,DSDM03,0.7031534343117729
75,10,DSDK05,0.7297055430710474
75,20,DSENG03,0.7366450573814582
75,25,DSRM02,0.7468241450138964
75,24,DSRM01,0.7526427904124262
75,0,DSDA01,0.7536959035329204
75,19,DSENG02,0.756399694343488
75,8,DSDK03,0.7972667933023496
75,29,DSRM06,0.8108507182128071
75,2,DSDA03,0.8128024777502162
76,10,DSDK05,0.5574566954286502
76,25,DSRM02,0.5640388466888941
76,0,DSDA01,0.5953731248621522
76,4,DSDA05,0.6021157133435594
76,6,DSDK01,0.6034775201830855
76,27,DSRM04,0.6108272736064171
76,20,DSENG03,0.6143677941300085
76,21,DSENG04,0.6190295833608976
76,5,DSDA06,0.6211681295456396
76,11,DSDK06,0.6279069999035931
76,19,DSENG02,0.6462776798099616
76,29,DSRM06,0.6484178547819952
76,22,DSENG05,0.6501188811332124
76,26,DSRM03,0.6571308076859319
76,14,DSDM03,0.6645508040874027
76,9,DSDK04,0.6737763248391201
76,8,DSDK03,0.6742459909312313
76,7,DSDK02,0.6798746095366155
76,18,DSENG01,0.6930162057012319
76,1,DSDA02,0.6965686014521313
76,13,DSDM02,0.7036407863503382
76,3,DSDA04,0.7096509594130951
76,23,DSENG06,0.711231194992319
76,17,DSDM06,0.7275545353376944
76,16,DSDM05,0.746268386374999
76,2,DSDA03,0.7491765718703327
76,24,DSRM01,0.7892675696093293
76,12,DSDM01,0.7903637108513563
76,28,DSRM05,0.7949628282350352
76,15,DSDM04,0.8208254014379378
77,6,DSDK01,0.5535914213758089
77,27,DSRM04,0.5554336630110865
77,29,DSRM06,0.5575390785016439
77,24,DSRM01,0.5585574541904733
77,10,DSDK05,0.5607431716559483
77,25,DSRM02,0.5742077165648014
77,0,DSDA01,0.5922879709459838
77,22,DSENG05,0.5936253744889413
77,2,DSDA03,0.6054104221700221
77,26,DSRM03,0.6102409485629299
77,20,DSENG03,0.6161739308222488
77,19,DSENG02,0.6241194609430334
77,8,DSDK03,0.6539820501568645
77,7,DSDK02,0.6555020747010587
77,4,DSDA05,0.6573249197168705
77,3,DSDA04,0.6609195655349023
77,21,DSENG04,0.6643954155390182
77,23,DSENG06,0.6645901233513914
77,13,DSDM02,0.6662093741955303
77,14,DSDM03,0.6753070171067552
77,15,DSDM04,0.6765909837101761
77,11,DSDK06,0.6861925391272787
77,28,DSRM05,0.6875358459353287
77,9,DSDK04,0.6897551885327706
77,18,DSENG01,0.7075735974889753
77,1,DSDA02,0.7406045974448827
77,12,DSDM01,0.7474721899943699
77,5,DSDA06,0.7600497084372766
77,17,DSDM06,0.7628320529075986
77,16,DSDM05,0.7656364981333241
78,6,DSDK01,0.5321154392268772
78,3,DSDA04,0.5400300997471839
78,21,DSENG04,0.5474778193143077
78,24,DSRM01,0.5854032002948937
78,26,DSRM03,0.5948504376032536
78,29,DSRM06,0.6009907382788902
78,2,DSDA03,0.6060803150551626
78,7,DSDK02,0.6153428135338195
78,16,DSDM05,0.6162517171804973
78,4,DSDA05,0.6195006250155407
78,18,DSENG01,0.619855965392548
78,22,DSENG05,0.6212595644677783
78,23,DSENG06,0.6219622690902644
78,13,DSDM02,0.6251014302944911
78,9,DSDK04,0.639396636184697
78,27,DSRM04,0.6468072401515573
78,19,DSENG02,0.6501776999958164
78,11,DSDK06,0.6532980938729562
78,0,DSDA01,0.6646520324845622
78,5,DSDA06,0.6650407896561111
78,14,DSDM03,0.6694102197575631
78,28,DSRM05,0.677446835441041
78,20,DSENG03,0.678183632460647
78,8,DSDK03,0.6836095043550896
78,1,DSDA02,0.6871338929448683
78,15,DSDM04,0.6897649271336359
78,25,DSRM02,0.6997125978032193
78,12,DSDM01,0.706971477638237
78,17,DSDM06,0.7093401817304761
78,10,DSDK05,0.7798133921792016
79,10,DSDK05,0.477706034841358
79,9,DSDK04,0.5023573721488239
79,5,DSDA06,0.5525899648405814
79,7,DSDK02,0.5639695593116396
79,26,DSRM03,0.565284167975402
79,11,DSDK06,0.5666346485190659
79,6,DSDK01,0.5970885162167543
79,1,DSDA02,0.6036395423209611
79,21,DSENG04,0.6139404198880272
79,2,DSDA03,0.6171539592185422
79,22,DSENG05,0.6293793639790974
79,16,DSDM05,0.6310528387161025
79,20,DSENG03,0.6358386238005709
79,19,DSENG02,0.640622034020537
79,28,DSRM05,0.6650146337107294
79,17,DSDM06,0.6661169234484383
79,27,DSRM04,0.6711498148811232
79,8,DSDK03,0.6748133027875172
79,25,DSRM02,0.6754924328191977
79,23,DSENG06,0.6872795098485996
79,3,DSDA04,0.6968124299963749
79,4,DSDA05,0.7089956625764415
79,29,DSRM06,0.7150239449454188
79,13,DSDM02,0.7337213926078638
79,24,DSRM01,0.7350539586143301
79,14,DSDM03,0.7369393718792578
79,0,DSDA01,0.7633358728734134
79,12,DSDM01,0.7754548926887945
79,15,DSDM04,0.7824655411032484
79,18,DSENG01,0.79363762521228
80,2,DSDA03,0.630758510918077
80,0,DSDA01,0.6410490172263357
80,18,DSENG01,0.6494043379004626
80,13,DSDM02,0.6646664363121763
80,21,DSENG04,0.6781276435040116
80,6,DSDK01,0.6807181515675862
80,8,DSDK03,0.6814424769469618
80,23,DSENG06,0.6875106043712065
80,24,DSRM01,0.6883863319047652
80,26,DSRM03,0.6945028763062882
80,20,DSENG03,0.6963471965909236
80,10,DSDK05,0.7043666927154316
80,5,DSDA06,0.7095945673054895
80,11,DSDK06,0.7151649412910626
80,4,DSDA05,0.7197876660603683
80,3,DSDA04,0.7199952258981118
80,29,DSRM06,0.7234302867327986
80,1,DSDA02,0.7332890577152051
80,27,DSRM04,0.7610756618982002
80,9,DSDK04,0.7617845143438305
80,17,DSDM06,0.7718690018041041
80,7,DSDK02,0.7726272898311354
80,14,DSDM03,0.7727234517328108
80,12,DSDM01,0.785006204057863
80,28,DSRM05,0.7882098086294397
80,16,DSDM05,0.8035294429613808
80,15,DSDM04,0.8090505477925304
80,19,DSENG02,0.8141991543159086
80,22,DSENG05,0.8275699290755549
80,25,DSRM02,0.8521508184287863
81,1,DSDA02,0.5462699592043059
81,16,DSDM05,0.55891778594617
81,3,DSDA04,0.5691864759019682
81,0,DSDA01,0.5905951092409822
81,26,DSRM03,0.5952652325543313
81,25,DSRM02,0.6185565573196996
81,19,DSENG02,0.6244191340979949
81,11,DSDK06,0.6291150813271811
81,27,DSRM04,0.6443626674887329
81,18,DSENG01,0.6564314187120835
81,15,DSDM04,0.6601166604361515
81,29,DSRM06,0.6634838598277979
81,5,DSDA06,0.663945195260849
81,10,DSDK05,0.6692854834850963
81,12,DSDM01,0.6698052733723407
81,21,DSENG04,0.6720701753222016
81,2,DSDA03,0.6775367537335787
81,14,DSDM03,0.6821210668927178
81,7,DSDK02,0.684916438487913
81,13,DSDM02,0.6928729486722867
81,23,DSENG06,0.693233920415502
81,22,DSENG05,0.6957168973206658
81,17,DSDM06,0.696835029293235
81,20,DSENG03,0.699351914873814
81,9,DSDK04,0.7005565520421337
81,24,DSRM01,0.7067525687851202
81,4,DSDA05,0.7149537533106638
81,6,DSDK01,0.7187264519513155
81,8,DSDK03,0.7370602057688206
81,28,DSRM05,0.7716208306070944
82,19,DSENG02,0.46104015933048814
82,23,DSENG06,0.5543476391756923
82,16,DSDM05,0.5559603602004763
82,21,DSENG04,0.5602907147536043
82,6,DSDK01,0.5693347527750081
82,11,DSDK06,0.5726430504198261
82,27,DSRM04,0.5726858039792939
82,15,DSDM04,0.5736068109230361
82,2,DSDA03,0.5770859408205156
82,18,DSENG01,0.5822711782093403
82,10,DSDK05,0.5955816980289532
82,13,DSDM02,0.5971025515692496
82,29,DSRM06,0.5981000883579926
82,26,DSRM03,0.6123297098102134
82,12,DSDM01,0.625540976625136
82,20,DSENG03,0.627800838005864
82,24,DSRM01,0.629596847607899
82,25,DSRM02,0.6418182877828014
82,4,DSDA05,0.6465430353105659
82,7,DSDK02,0.6542290842055039
82,1,DSDA02,0.6582008184371329
82,9,DSDK04,0.6619407609766474
82,28,DSRM05,0.6632606823660018
82,22,DSENG05,0.6739089895162504
82,8,DSDK03,0.6788546932866839
82,5,DSDA06,0.6805363061867682
82,14,DSDM03,0.6821912046668711
82,0,DSDA01,0.6899390223506605
82,3,DSDA04,0.6912594443201147
82,17,DSDM06,0.7206506328037179
83,22,DSENG05,0.5803462495536427
83,20,DSENG03,0.5891941519128412
83,26,DSRM03,0.5891963164552396
83,16,DSDM05,0.6013124850947937
83,10,DSDK05,0.6085962852610121
83,28,DSRM05,0.6099783484252441
83,6,DSDK01,0.6162483718653872
83,4,DSDA05,0.6179142825395507
83,15,DSDM04,0.6226652754718477
83,0,DSDA01,0.6420322757041323
83,1,DSDA02,0.6442385769349197
83,9,DSDK04,0.6463913152465895
83,19,DSENG02,0.6632766518128713
83,3,DSDA04,0.6712259701173408
83,18,DSENG01,0.6742658385464544
83,27,DSRM04,0.6853698972221692
83,13,DSDM02,0.6898745934605647
83,25,DSRM02,0.7030184502977632
83,2,DSDA03,0.7056776416536208
83,24,DSRM01,0.7180084499500382
83,23,DSENG06,0.722707105112914
83,12,DSDM01,0.7258675826614636
83,14,DSDM03,0.7264802841134037
83,7,DSDK02,0.7285443626000384
83,17,DSDM06,0.7363259797967563
83,8,DSDK03,0.7434271866924709
83,21,DSENG04,0.7526857393295248
83,5,DSDA06,0.7630103411411902
83,11,DSDK06,0.7897217412386712
83,29,DSRM06,0.849219696976426
84,4,DSDA05,0.4981594205513974
84,2,DSDA03,0.504350404824703
84,9,DSDK04,0.5622770561992361
84,27,DSRM04,0.5663863386769841
84,7,DSDK02,0.5701747152597583
84,17,DSDM06,0.5752615141503836
84,1,DSDA02,0.5758361647582362
84,16,DSDM05,0.5901310582223006
84,20,DSENG03,0.6013509048354657
84,23,DSENG06,0.6123348447057021
84,8,DSDK03,0.624908848581057
84,19,DSENG02,0.6350899339259735
84,3,DSDA04,0.6364030486604193
84,28,DSRM05,0.6409740291605488
84,0,DSDA01,0.6426708733707873
84,15,DSDM04,0.6460818375946822
84,24,DSRM01,0.655061460274281
84,10,DSDK05,0.6574580093417495
84,21,DSENG04,0.6622604580991778
84,11,DSDK06,0.6668006351668088
84,5,DSDA06,0.6754412900025821
84,6,DSDK01,0.6893547533589307
84,26,DSRM03,0.6957413119974092
84,18,DSENG01,0.7241968515634836
84,12,DSDM01,0.7304495170612229
84,29,DSRM06,0.7521077172325441
84,22,DSENG05,0.7709317912005537
84,25,DSRM02,0.782220143231212
84,14,DSDM03,0.7842756448815038
84,13,DSDM02,0.7923046898477019
85,27,DSRM04,0.5593032441661671
85,3,DSDA04,0.5722173931693658
85,26,DSRM03,0.5945672211820009
85,11,DSDK06,0.6091093247314604
85,7,DSDK02,0.6122886324493493
85,4,DSDA05,0.615650008555318
85,14,DSDM03,0.6245904966266265
85,25,DSRM02,0.6312469269697316
85,17,DSDM06,0.64131373408741
85,2,DSDA03,0.64988618071466
85,0,DSDA01,0.6509299857296347
85,1,DSDA02,0.6544891387931383
85,6,DSDK01,0.6550477609125258
85,16,DSDM05,0.6568802469888646
85,15,DSDM04,0.6802893623332471
85,21,DSENG04,0.6901585444638045
85,29,DSRM06,0.6953568794938989
85,19,DSENG02,0.7003958780989268
85,24,DSRM01,0.7012107890099555
85,18,DSENG01,0.7037708105057906
85,23,DSENG06,0.70406963216834
85,9,DSDK04,0.7164040362246739
85,12,DSDM01,0.7204014192985808
85,28,DSRM05,0.7260806320737445
85,8,DSDK03,0.7459311929844079
85,20,DSENG03,0.7515846542106062
85,13,DSDM02,0.7527522789170101
85,10,DSDK05,0.7559209914628334
85,5,DSDA06,0.7580277938086905
85,22,DSENG05,0.7770116070554739
86,1,DSDA02,0.576656144607663
86,25,DSRM02,0.6053198706333133
86,7,DSDK02,0.616443104398674
86,16,DSDM05,0.6165969381199535
86,14,DSDM03,0.6180692113561963
86,11,DSDK06,0.6275967700115588
86,5,DSDA06,0.6474229510383002
86,29,DSRM06,0.6487122683700759
86,27,DSRM04,0.6547213337893332
86,20,DSENG03,0.6632967319729102
86,9,DSDK04,0.6762771914590777
86,19,DSENG02,0.6785791088254588
86,8,DSDK03,0.6817662610080539
86,4,DSDA05,0.6890320781712589
86,0,DSDA01,0.7005117098588667
86,10,DSDK05,0.7070607120393899
86,26,DSRM03,0.7185218533239249
86,22,DSENG05,0.7186857370785815
86,15,DSDM04,0.7211570552351396
86,17,DSDM06,0.7212728275724734
86,3,DSDA04,0.7304343231711101
86,6,DSDK01,0.7446657882765579
86,23,DSENG06,0.7591267702663411
86,2,DSDA03,0.7628018378420742
86,12,DSDM01,0.7666577189366917
86,13,DSDM02,0.7688043859788025
86,18,DSENG01,0.7933173366989075
86,28,DSRM05,0.7956705013730073
86,24,DSRM01,0.8042076011684618
86,21,DSENG04,0.8085985568737512
87,6,DSDK01,0.5609434228685798
87,7,DSDK02,0.5783516357022249
87,28,DSRM05,0.6040698459404349
87,2,DSDA03,0.6071827614469436
87,8,DSDK03,0.612793510383328
87,1,DSDA02,0.6182423809212643
87,24,DSRM01,0.6197574674527049
87,5,DSDA06,0.6238129610755773
87,19,DSENG02,0.6281106105562183
87,23,DSENG06,0.6423664538521958
87,4,DSDA05,0.642921833912501
87,15,DSDM04,0.6457050384240769
87,27,DSRM04,0.6483250064788668
87,11,DSDK06,0.6505901160816732
87,12,DSDM01,0.6521762448602269
87,0,DSDA01,0.6537888659223592
87,16,DSDM05,0.6551800133471306
87,10,DSDK05,0.6577928517808527
87,9,DSDK04,0.6607751602125032
87,3,DSDA04,0.6745688272208927
87,17,DSDM06,0.6877924089856096
87,29,DSRM06,0.6937074842958968
87,18,DSENG01,0.711256032757368
87,26,DSRM03,0.7113439978761548
87,21,DSENG04,0.7272237089756302
87,22,DSENG05,0.730614941571536
87,13,DSDM02,0.731582659273771
87,14,DSDM03,0.7387843658165096
87,20,DSENG03,0.7439421451906036
87,25,DSRM02,0.772374193184175
88,29,DSRM06,0.5133493653352542
88,25,DSRM02,0.520859180040505
88,11,DSDK06,0.5823774552744326
88,0,DSDA01,0.5914937406564447
88,3,DSDA04,0.6244668248193959
88,5,DSDA06,0.6312742402004251
88,17,DSDM06,0.6597501852938856
88,27,DSRM04,0.6606591384794713
88,20,DSENG03,0.6720760410912116
88,2,DSDA03,0.6772192284539873
88,4,DSDA05,0.6791480573320551
88,26,DSRM03,0.7087259746722061
88,8,DSDK03,0.710193835171621
88,14,DSDM03,0.7152909753347196
88,13,DSDM02,0.7212169017710357
88,7,DSDK02,0.7218641150371643
88,10,DSDK05,0.7267377284311973
88,6,DSDK01,0.7268866728049769
88,9,DSDK04,0.7292138854971457
88,21,DSENG04,0.7640309955780784
88,19,DSENG02,0.7707227243890751
88,24,DSRM01,0.7840019216397123
88,1,DSDA02,0.7855486225810605
88,16,DSDM05,0.79055833085742
88,22,DSENG05,0.7923561905778638
88,28,DSRM05,0.8206235153376253
88,23,DSENG06,0.8344056348990871
88,12,DSDM01,0.8443585851988621
88,18,DSENG01,0.8504924393902014
88,15,DSDM04,0.8516897275911418
89,1,DSDA02,0.4912748468388014
89,4,DSDA05,0.5976466226189268
89,9,DSDK04,0.6012488449576605
89,6,DSDK01,0.6100515036399244
89,3,DSDA04,0.6233351901850213
89,5,DSDA06,0.6373088558590256
89,7,DSDK02,0.6374855207832105
89,0,DSDA01,0.6388375026201312
89,8,DSDK03,0.6629764571142176
89,19,DSENG02,0.6665492557456539
89,27,DSRM04,0.6771153800463967
89,2,DSDA03,0.6823053250800466
89,11,DSDK06,0.6825851697422529
89,23,DSENG06,0.6830686745930469
89,10,DSDK05,0.6851015535939999
89,26,DSRM03,0.6938481447854616
89,20,DSENG03,0.6984152922794824
89,17,DSDM06,0.6988614866975854
89,22,DSENG05,0.6993088611659448
89,16,DSDM05,0.7056249360741318
89,21,DSENG04,0.708294491149634
89,18,DSENG01,0.711384059105387
89,25,DSRM02,0.7142379485103354
89,29,DSRM06,0.7150321160636319
89,15,DSDM04,0.7238161306629595
89,14,DSDM03,0.7265358332432791
89,24,DSRM01,0.7373485984582768
89,28,DSRM05,0.7451263390894488
89,13,DSDM02,0.7742197511401074
89,12,DSDM01,0.7750098348850704
90,5,DSDA06,0.45306635635653525
90,11,DSDK06,0.5207191062029157
90,1,DSDA02,0.5614017182054298
90,10,DSDK05,0.5768937336401834
90,26,DSRM03,0.6022421053673885
90,7,DSDK02,0.6093260384501209
90,13,DSDM02,0.6238616222225601
90,15,DSDM04,0.6309210138322764
90,17,DSDM06,0.6341607015294646
90,16,DSDM05,0.6399787928130198
90,2,DSDA03,0.6426220353643433
90,14,DSDM03,0.647899908666389
90,29,DSRM06,0.6524578086757753
90,9,DSDK04,0.6531961158327393
90,8,DSDK03,0.6576917628235199
90,6,DSDK01,0.6605000579945038
90,18,DSENG01,0.662195413046756
90,25,DSRM02,0.6631895771742846
90,19,DSENG02,0.6717913715734561
90,27,DSRM04,0.6778046962883482
90,22,DSENG05,0.6803658374182199
90,23,DSENG06,0.6824597843645155
90,20,DSENG03,0.6981712688085999
90,3,DSDA04,0.7034664043652651
90,4,DSDA05,0.7039915006400159
90,0,DSDA01,0.7046864562650228
90,12,DSDM01,0.7201732274806414
90,28,DSRM05,0.7841394538425369
90,21,DSENG04,0.7937927135350504
90,24,DSRM01,0.824482675287673
91,18,DSENG01,0.5151209161546717
91,5,DSDA06,0.5443241871848916
91,3,DSDA04,0.5749801914136872
91,26,DSRM03,0.6026986664680465
91,13,DSDM02,0.6123995607601617
91,22,DSENG05,0.6232470723975838
91,24,DSRM01,0.62485574128665
91,2,DSDA03,0.6255276155464858
91,7,DSDK02,0.6258744283836108
91,27,DSRM04,0.6267876261792611
91,17,DSDM06,0.6441060540807652
91,28,DSRM05,0.6473766618282004
91,14,DSDM03,0.6486441311826516
91,15,DSDM04,0.6534753625274792
91,1,DSDA02,0.6534788099002805
91,21,DSENG04,0.6608923509417337
91,16,DSDM05,0.666745785362074
91,19,DSENG02,0.6756134718519634
91,11,DSDK06,0.6806375159716147
91,10,DSDK05,0.6845572625478168
91,12,DSDM01,0.6866932087277596
91,23,DSENG06,0.689246073845633
91,6,DSDK01,0.6995739314114735
91,0,DSDA01,0.7108663787205431
91,20,DSENG03,0.7127400802923163
91,4,DSDA05,0.7132624924066747
91,9,DSDK04,0.7186687999135338
91,8,DSDK03,0.7528416620437018
91,25,DSRM02,0.7599312508337953
91,29,DSRM06,0.7666988426423458
92,27,DSRM04,0.525948190810142
92,2,DSDA03,0.583818500251565
92,17,DSDM06,0.5897925460865605
92,0,DSDA01,0.6073915304826898
92,20,DSENG03,0.6212150079940653
92,7,DSDK02,0.6303472094855028
92,10,DSDK05,0.6424299833809802
92,21,DSENG04,0.6461960372529099
92,22,DSENG05,0.6469715481602896
92,23,DSENG06,0.6517560015451264
92,4,DSDA05,0.6565665556861571
92,16,DSDM05,0.6709691197323848
92,19,DSENG02,0.6725185579736681
92,9,DSDK04,0.6831789268683419
92,13,DSDM02,0.6869533632197635
92,25,DSRM02,0.6943294116800611
92,1,DSDA02,0.7022885555251741
92,3,DSDA04,0.7095512515530171
92,26,DSRM03,0.7319905332801397
92,15,DSDM04,0.739988625009895
92,18,DSENG01,0.747128681026284
92,12,DSDM01,0.7527767691694807
92,8,DSDK03,0.7567397730483856
92,29,DSRM06,0.7660020952607235
92,6,DSDK01,0.7660697582559387
92,28,DSRM05,0.7669536513379626
92,14,DSDM03,0.7677788801892804
92,5,DSDA06,0.7733660217815335
92,24,DSRM01,0.7752441495798671
92,11,DSDK06,0.8202660576837199
93,11,DSDK06,0.5587740198009443
93,7,DSDK02,0.5652123349385407
93,22,DSENG05,0.6009951704195815
93,8,DSDK03,0.6130831881014858
93,10,DSDK05,0.6181902414276808
93,21,DSENG04,0.6426921504042129
93,15,DSDM04,0.6665232557473193
93,5,DSDA06,0.6697292395418952
93,20,DSENG03,0.69064164181562
93,17,DSDM06,0.6987384019469747
93,12,DSDM01,0.699997316453213
93,14,DSDM03,0.7004873579166087
93,27,DSRM04,0.7016409259419011
93,23,DSENG06,0.7165932354258866
93,25,DSRM02,0.7262226808405831
93,6,DSDK01,0.7275406812242626
93,26,DSRM03,0.7303350281178997
93,19,DSENG02,0.7377391552173123
93,16,DSDM05,0.7384460823787058
93,9,DSDK04,0.7392841005030941
93,29,DSRM06,0.7468443314950037
93,4,DSDA05,0.75465443025117
93,13,DSDM02,0.7595270257150251
93,28,DSRM05,0.7642173521761477
93,0,DSDA01,0.765988384683044
93,24,DSRM01,0.7664901969592689
93,1,DSDA02,0.7805413253440785
93,18,DSENG01,0.7913287886827226
93,2,DSDA03,0.7981731837580852
93,3,DSDA04,0.868929893989931
94,2,DSDA03,0.5086441493713311
94,27,DSRM04,0.5158708518441928
94,17,DSDM06,0.5551380706645479
94,6,DSDK01,0.5661590554903273
94,9,DSDK04,0.5726232939918547
94,22,DSENG05,0.5738622150647807
94,3,DSDA04,0.5773691211041428
94,23,DSENG06,0.583398234020845
94,24,DSRM01,0.5878326217018199
94,10,DSDK05,0.588190009794831
94,28,DSRM05,0.5885783771357236
94,19,DSENG02,0.5969526585693772
94,18,DSENG01,0.6037731865266958
94,8,DSDK03,0.6128035018188176
94,20,DSENG03,0.6144361244732384
94,1,DSDA02,0.6292227370450765
94,16,DSDM05,0.6295740413102819
94,29,DSRM06,0.6349293715883382
94,26,DSRM03,0.6389268217179215
94,11,DSDK06,0.6440185240791203
94,21,DSENG04,0.6486244126752334
94,0,DSDA01,0.6630238249913627
94,15,DSDM04,0.6655561307430838
94,5,DSDA06,0.6656493770095173
94,4,DSDA05,0.6739544060634717
94,13,DSDM02,0.6982064595653785
94,12,DSDM01,0.6991501138743565
94,7,DSDK02,0.705263468316468
94,25,DSRM02,0.7062748462171012
94,14,DSDM03,0.7218128783699284
95,22,DSENG05,0.5898708158625076
95,19,DSENG02,0.59062405070946
95,10,DSDK05,0.6047233247937944
95,2,DSDA03,0.6119249309594386
95,6,DSDK01,0.620870585512852
95,27,DSRM04,0.6213014831560699
95,9,DSDK04,0.629050808479394
95,0,DSDA01,0.6333927892217113
95,13,DSDM02,0.6369364273773095
95,15,DSDM04,0.6403770177622481
95,20,DSENG03,0.6494158339396416
95,21,DSENG04,0.6501290283131433
95,23,DSENG06,0.6553340410824002
95,8,DSDK03,0.6632190561701357
95,14,DSDM03,0.6703507239314486
95,25,DSRM02,0.673317771794125
95,18,DSENG01,0.6746501237828659
95,1,DSDA02,0.676471237744743
95,26,DSRM03,0.6855265418584902
95,3,DSDA04,0.6905342614210577
95,17,DSDM06,0.6962426207757906
95,24,DSRM01,0.6995675994277317
95,29,DSRM06,0.71279590709687
95,4,DSDA05,0.7179513087729135
95,16,DSDM05,0.7323285279783116
95,12,DSDM01,0.7400341625771765
95,7,DSDK02,0.7413134405832731
95,28,DSRM05,0.7488850590815305
95,11,DSDK06,0.7771764102008938
95,5,DSDA06,0.8204789475240692
96,10,DSDK05,0.4545325579390377
96,6,DSDK01,0.5490553560872735
96,27,DSRM04,0.5565516666290047
96,2,DSDA03,0.6086409374436412
96,20,DSENG03,0.6118032962801172
96,3,DSDA04,0.6183398452754755
96,11,DSDK06,0.6193836674904716
96,7,DSDK02,0.6210055980005142
96,21,DSENG04,0.6304157773535666
96,29,DSRM06,0.6343084958189713
96,15,DSDM04,0.6476152564777264
96,19,DSENG02,0.6512470204561946
96,26,DSRM03,0.6586773285838963
96,25,DSRM02,0.6662984977335926
96,23,DSENG06,0.6722734133840709
96,14,DSDM03,0.6871958695460214
96,16,DSDM05,0.6882499250276226
96,8,DSDK03,0.6927103945975095
96,4,DSDA05,0.7029355632420146
96,9,DSDK04,0.7063055181737716
96,5,DSDA06,0.7076105726066304
96,0,DSDA01,0.7106724740393833
96,1,DSDA02,0.7193434564206577
96,22,DSENG05,0.721093442548046
96,17,DSDM06,0.7249260116778635
96,24,DSRM01,0.7404275455222289
96,12,DSDM01,0.7472314508278491
96,28,DSRM05,0.7499388748467815
96,13,DSDM02,0.755119477086207
96,18,DSENG01,0.7552142478453266
97,2,DSDA03,0.5421555617373419
97,9,DSDK04,0.559849563094982
97,17,DSDM06,0.5643040964750541
97,0,DSDA01,0.5677671930051574
97,4,DSDA05,0.5915033462081815
97,7,DSDK02,0.6027813795693584
97,1,DSDA02,0.625405351955445
97,24,DSRM01,0.6480542921856028
97,5,DSDA06,0.6592671022313462
97,6,DSDK01,0.6599075991885919
97,11,DSDK06,0.6700072411867664
97,21,DSENG04,0.6762231323134462
97,8,DSDK03,0.6789073762123223
97,16,DSDM05,0.6831231296457559
97,27,DSRM04,0.6898253028130119
97,23,DSENG06,0.7050245363935559
97,13,DSDM02,0.7057674173962409
97,28,DSRM05,0.7222924090378237
97,12,DSDM01,0.7227217815219478
97,3,DSDA04,0.7255735194384845
97,10,DSDK05,0.7278704090977564
97,20,DSENG03,0.7326238419908204
97,19,DSENG02,0.7431117047147796
97,18,DSENG01,0.7456097823447212
97,15,DSDM04,0.7457178056170586
97,14,DSDM03,0.7666649317772745
97,22,DSENG05,0.7943992883655552
97,29,DSRM06,0.8062612009692391
97,26,DSRM03,0.8264559066514224
97,25,DSRM02,0.8265834514786932
98,17,DSDM06,0.5152623927213139
98,0,DSDA01,0.5826780771356188
98,27,DSRM04,0.5927380001217034
98,2,DSDA03,0.6047069815349926
98,9,DSDK04,0.6127244482272549
98,26,DSRM03,0.6387285421885461
98,25,DSRM02,0.6457987137446388
98,22,DSENG05,0.6463355870154883
98,1,DSDA02,0.6482827094192601
98,4,DSDA05,0.651975329915817
98,6,DSDK01,0.6671813395891298
98,23,DSENG06,0.6719776467493181
98,3,DSDA04,0.6727545452476709
98,16,DSDM05,0.6738696668361799
98,20,DSENG03,0.6776460005097831
98,8,DSDK03,0.6792554214974058
98,7,DSDK02,0.6921142908367763
98,13,DSDM02,0.7022513107036528
98,29,DSRM06,0.7031655047707721
98,24,DSRM01,0.7103830758773158
98,10,DSDK05,0.7120757548225547
98,19,DSENG02,0.71472646993255
98,15,DSDM04,0.7189048552652144
98,14,DSDM03,0.7272695041481545
98,11,DSDK06,0.7300749822558794
98,21,DSENG04,0.7418952865223032
98,28,DSRM05,0.7512751493127644
98,5,DSDA06,0.7826636399565441
98,18,DSENG01,0.7852963922249034
98,12,DSDM01,0.7942268912338146
99,17,DSDM06,0.4500852348594827
99,4,DSDA05,0.5001228395363755
99,6,DSDK01,0.5657433027900902
99,0,DSDA01,0.5736313036297023
99,7,DSDK02,0.5907178472361532
99,29,DSRM06,0.6299108605127517
99,27,DSRM04,0.6307470724744573
99,11,DSDK06,0.6447275802173962
99,26,DSRM03,0.6453430504199922
99,2,DSDA03,0.6539907083602425
99,22,DSENG05,0.6689553391287197
99,10,DSDK05,0.6690193246198171
99,13,DSDM02,0.6728142374451282
99,5,DSDA06,0.6739125325948465
99,25,DSRM02,0.676276060804488
99,23,DSENG06,0.6829920557479219
99,1,DSDA02,0.6831773975056183
99,16,DSDM05,0.6876722872617207
99,9,DSDK04,0.6900782754643707
99,20,DSENG03,0.6943260965006242
99,28,DSRM05,0.6972078372071646
99,24,DSRM01,0.700178408073969
99,19,DSENG02,0.7009075377142324
99,3,DSDA04,0.7039620287390781
99,18,DSENG01,0.7145016475626842
99,14,DSDM03,0.7167671532943267
99,12,DSDM01,0.7349568945525327
99,15,DSDM04,0.7355299809674604
99,8,DSDK03,0.7392886919567377
99,21,DSENG04,0.7615930271622091
