0,0,DSDA01,0.72519339032867
0,1,DSDA02,0.4528811719731106
0,2,DSDA03,0.6871619050552267
0,3,DSDA04,0.6997621447928635
0,4,DSDA05,0.2987930317483284
0,5,DSDA06,0.7070522738819467
0,6,DSDM01,0.6033914797622126
0,7,DSDM02,0.4751028602922037
0,8,DSDM03,0.7472218419972543
0,9,DSDM04,0.7082437219796183
0,10,DSDM05,0.6546559612706546
0,11,DSDM06,0.7249189838787118
0,12,DSENG01,0.4925372555116212
0,13,DSENG02,0.6136471606069358
0,14,DSENG03,0.3879055238451944
0,15,DSENG04,0.3211256927905677
0,16,DSENG05,0.4392706815550702
0,17,DSENG06,0.4907874486789118
0,18,DSRM01,0.7670592008622978
0,19,DSRM02,0.679043868768191
0,20,DSRM03,0.5961189600204787
0,21,DSRM04,0.6898971166716794
0,22,DSRM05,0.6043112483721278
0,23,DSRM06,0.7590452005880438
1,0,DSDA01,0.47822622552566374
1,1,DSDA02,0.49389574441237694
1,2,DSDA03,0.3714311417395937
1,3,DSDA04,0.5761558405116871
1,4,DSDA05,0.4987888929597202
1,5,DSDA06,0.8134038107973288
1,6,DSDM01,0.5424036241267627
1,7,DSDM02,0.5265927248886616
1,8,DSDM03,0.4979893132223121
1,9,DSDM04,0.5814546224200374
1,10,DSDM05,0.5047888526341408
1,11,DSDM06,0.3451039002982893
1,12,DSENG01,0.5663394861933755
1,13,DSENG02,0.43786492628038376
1,14,DSENG03,0.38780600044901026
1,15,DSENG04,0.5147372492690189
1,16,DSENG05,0.33754363904520435
1,17,DSENG06,0.6323978805706916
1,18,DSRM01,0.38145347871295965
1,19,DSRM02,0.5440642793163161
1,20,DSRM03,0.5549702136936857
1,21,DSRM04,0.5188112257726741
1,22,DSRM05,0.7006109090792803
1,23,DSRM06,0.5234361084465508
2,0,DSDA01,0.7709345143679871
2,1,DSDA02,0.4628608162123765
2,2,DSDA03,0.7003538669352576
2,3,DSDA04,0.7224020575486045
2,4,DSDA05,0.5214354826328469
2,5,DSDA06,0.6099463558655048
2,6,DSDM01,0.6674332766874123
2,7,DSDM02,0.3019476958086781
2,8,DSDM03,0.7039709303259698
2,9,DSDM04,0.5469625548253355
2,10,DSDM05,0.5423231826359305
2,11,DSDM06,0.6148216393276875
2,12,DSENG01,0.3244325701482903
2,13,DSENG02,0.5391493672380252
2,14,DSENG03,0.43179688602727917
2,15,DSENG04,0.4166670008390798
2,16,DSENG05,0.251754449425066
2,17,DSENG06,0.5330548675072553
2,18,DSRM01,0.6970039916446892
2,19,DSRM02,0.5226558687641085
2,20,DSRM03,0.3528383661134674
2,21,DSRM04,0.5119086894960756
2,22,DSRM05,0.3962590003314085
2,23,DSRM06,0.6173116183693454
3,0,DSDA01,0.6264196079902966
3,1,DSDA02,0.5584127576369717
3,2,DSDA03,0.5467784086239407
3,3,DSDA04,0.6375914280211226
3,4,DSDA05,0.48630423326442473
3,5,DSDA06,0.6577509613494088
3,6,DSDM01,0.5892274086020377
3,7,DSDM02,0.3970212226872465
3,8,DSDM03,0.6924878650279936
3,9,DSDM04,0.6180850666200757
3,10,DSDM05,0.57680084082504
3,11,DSDM06,0.5885018412155814
3,12,DSENG01,0.5417789744088455
3,13,DSENG02,0.4556548781203513
3,14,DSENG03,0.24739831051007666
3,15,DSENG04,0.4979524829098514
3,16,DSENG05,0.2672348263250993
3,17,DSENG06,0.5212051502157296
3,18,DSRM01,0.6390680508108019
3,19,DSRM02,0.656246141034744
3,20,DSRM03,0.43217433091412183
3,21,DSRM04,0.38356929802345807
3,22,DSRM05,0.6854430224874317
3,23,DSRM06,0.6151318051141764
4,0,DSDA01,0.46689986762718527
4,1,DSDA02,0.40474378208247086
4,2,DSDA03,0.46059603507393476
4,3,DSDA04,0.38508749064855985
4,4,DSDA05,0.2524188554061545
4,5,DSDA06,0.7104764593562878
4,6,DSDM01,0.4677348476966049
4,7,DSDM02,0.469444959644157
4,8,DSDM03,0.8177150138749281
4,9,DSDM04,0.5491251557402799
4,10,DSDM05,0.6340293661287646
4,11,DSDM06,0.6562362512127758
4,12,DSENG01,0.5305255768641971
4,13,DSENG02,0.6088258488671189
4,14,DSENG03,0.3727685849476591
4,15,DSENG04,0.3583429427687982
4,16,DSENG05,0.41395756615660806
4,17,DSENG06,0.5539950137323921
4,18,DSRM01,0.7578072783310486
4,19,DSRM02,0.7384273393910664
4,20,DSRM03,0.49462868736982857
4,21,DSRM04,0.5795287484940816
4,22,DSRM05,0.6088569103408403
4,23,DSRM06,0.64331666570459
5,0,DSDA01,0.5531666097941796
5,1,DSDA02,0.5851447376812263
5,2,DSDA03,0.5144095869333115
5,3,DSDA04,0.5261593581528233
5,4,DSDA05,0.3845572343887306
5,5,DSDA06,0.6828469269009287
5,6,DSDM01,0.6354473979782029
5,7,DSDM02,0.6349230432676958
5,8,DSDM03,0.717460061742305
5,9,DSDM04,0.6863315170035305
5,10,DSDM05,0.6975205595281881
5,11,DSDM06,0.5503138056643118
5,12,DSENG01,0.5995975407644788
5,13,DSENG02,0.5177161422811676
5,14,DSENG03,0.27730312477607477
5,15,DSENG04,0.4824665247918076
5,16,DSENG05,0.3073485511609526
5,17,DSENG06,0.566624554220434
5,18,DSRM01,0.5552861124393531
5,19,DSRM02,0.5797640048451056
5,20,DSRM03,0.6333642908030115
5,21,DSRM04,0.7012935571533582
5,22,DSRM05,0.5680884679751608
5,23,DSRM06,0.587871111280402
6,0,DSDA01,0.7336975315016925
6,1,DSDA02,0.6257707721176258
6,2,DSDA03,0.6954727310515725
6,3,DSDA04,0.6560285102088588
6,4,DSDA05,0.5025363600722885
6,5,DSDA06,0.7695298377727386
6,6,DSDM01,0.6755538111933972
6,7,DSDM02,0.5560731897728508
6,8,DSDM03,0.7413889509039366
6,9,DSDM04,0.7185282690399121
6,10,DSDM05,0.6901625602958807
6,11,DSDM06,0.6923413988996603
6,12,DSENG01,0.6811872125376947
6,13,DSENG02,0.5907084977991057
6,14,DSENG03,0.19312022566555798
6,15,DSENG04,0.5369458965459943
6,16,DSENG05,0.2684348671365626
6,17,DSENG06,0.6120990881725245
6,18,DSRM01,0.7208551460010841
6,19,DSRM02,0.6927424641276791
6,20,DSRM03,0.6540414972342554
6,21,DSRM04,0.6062689332590101
6,22,DSRM05,0.6954409004894736
6,23,DSRM06,0.7707995326165303
7,0,DSDA01,0.6382686008110547
7,1,DSDA02,0.6213081379534351
7,2,DSDA03,0.4938251131706618
7,3,DSDA04,0.6057803527467132
7,4,DSDA05,0.43673968343742564
7,5,DSDA06,0.5917235336901845
7,6,DSDM01,0.5265198258701633
7,7,DSDM02,0.4068446520838175
7,8,DSDM03,0.6928415259701437
7,9,DSDM04,0.6361777797209847
7,10,DSDM05,0.6276699016137062
7,11,DSDM06,0.6210100622293876
7,12,DSENG01,0.5109010622657031
7,13,DSENG02,0.4417439591207576
7,14,DSENG03,0.2535339514980457
7,15,DSENG04,0.4976698406456589
7,16,DSENG05,0.3547753166463571
7,17,DSENG06,0.5075341861408146
7,18,DSRM01,0.6420842804893832
7,19,DSRM02,0.6137281581229181
7,20,DSRM03,0.45366364741972587
7,21,DSRM04,0.4394256650791468
7,22,DSRM05,0.7114125214808453
7,23,DSRM06,0.6831219064327887
8,0,DSDA01,0.6169404486029497
8,1,DSDA02,0.3978310362310141
8,2,DSDA03,0.33329141941065554
8,3,DSDA04,0.5147681703825674
8,4,DSDA05,0.17962376657022006
8,5,DSDA06,0.47729471762582687
8,6,DSDM01,0.5789344431091998
8,7,DSDM02,0.5870385744430245
8,8,DSDM03,0.8583514330216544
8,9,DSDM04,0.5625342689982511
8,10,DSDM05,0.70150808739891
8,11,DSDM06,0.6433585273233805
8,12,DSENG01,0.6353725133306876
8,13,DSENG02,0.47182538863099
8,14,DSENG03,0.6444589985932183
8,15,DSENG04,0.32061012509037945
8,16,DSENG05,0.7244355081046441
8,17,DSENG06,0.3128761675953806
8,18,DSRM01,0.5982984193010443
8,19,DSRM02,0.7149531660028637
8,20,DSRM03,0.43396561799817523
8,21,DSRM04,0.5584750882686365
8,22,DSRM05,0.7229963590859452
8,23,DSRM06,0.6232611072585442
9,0,DSDA01,0.5430534525960955
9,1,DSDA02,0.47992987112493135
9,2,DSDA03,0.5300120525920784
9,3,DSDA04,0.4020854075769009
9,4,DSDA05,0.32742771426708583
9,5,DSDA06,0.7352233904145726
9,6,DSDM01,0.4493579380248409
9,7,DSDM02,0.3587600827693336
9,8,DSDM03,0.7133936926764155
9,9,DSDM04,0.5698097103294071
9,10,DSDM05,0.5484210851376773
9,11,DSDM06,0.6545273561403511
9,12,DSENG01,0.5685847790119486
9,13,DSENG02,0.5568375947918387
9,14,DSENG03,0.3440866810880465
9,15,DSENG04,0.3966171315075627
9,16,DSENG05,0.41510684475587867
9,17,DSENG06,0.5572379145613461
9,18,DSRM01,0.7631440639082687
9,19,DSRM02,0.6837211632187908
9,20,DSRM03,0.50148259898136
9,21,DSRM04,0.5031513243513752
9,22,DSRM05,0.6222636875955793
9,23,DSRM06,0.7556613347384419
10,0,DSDA01,0.4414414416312291
10,1,DSDA02,0.4425216034636701
10,2,DSDA03,0.4840078864266185
10,3,DSDA04,0.3892934662909192
10,4,DSDA05,0.30230850205745685
10,5,DSDA06,0.7722242104754028
10,6,DSDM01,0.4445105388063062
10,7,DSDM02,0.3747717006908663
10,8,DSDM03,0.5878328656825267
10,9,DSDM04,0.5124009181844597
10,10,DSDM05,0.5747858722065528
10,11,DSDM06,0.5075774260430779
10,12,DSENG01,0.5638949980292861
10,13,DSENG02,0.5504490819415395
10,14,DSENG03,0.44159835567986283
10,15,DSENG04,0.3402511042290687
10,16,DSENG05,0.4235282244017229
10,17,DSENG06,0.5849676782062998
10,18,DSRM01,0.6971610191940383
10,19,DSRM02,0.671651873778518
10,20,DSRM03,0.541189665186619
10,21,DSRM04,0.47410564493728213
10,22,DSRM05,0.5575083770861048
10,23,DSRM06,0.6486228717740805
11,0,DSDA01,0.6692110797981636
11,1,DSDA02,0.5249909759865887
11,2,DSDA03,0.6487107245327833
11,3,DSDA04,0.6336390245644399
11,4,DSDA05,0.39134479923276033
11,5,DSDA06,0.6195144760655944
11,6,DSDM01,0.6411901765177423
11,7,DSDM02,0.5232368760876283
11,8,DSDM03,0.7634223361148484
11,9,DSDM04,0.7094268044183056
11,10,DSDM05,0.734215777659305
11,11,DSDM06,0.658936129664599
11,12,DSENG01,0.5008029739929987
11,13,DSENG02,0.608511385789128
11,14,DSENG03,0.34898424141574
11,15,DSENG04,0.5061335399203639
11,16,DSENG05,0.2818256975718034
11,17,DSENG06,0.5225293654631925
11,18,DSRM01,0.714119652846545
11,19,DSRM02,0.5936233039963037
11,20,DSRM03,0.5415554177601718
11,21,DSRM04,0.6390637164915622
11,22,DSRM05,0.5851305892707619
11,23,DSRM06,0.7446167968265784
12,0,DSDA01,0.6368938435222118
12,1,DSDA02,0.39508742516790285
12,2,DSDA03,0.6438598562332881
12,3,DSDA04,0.6756071187460737
12,4,DSDA05,0.22148645389459132
12,5,DSDA06,0.7838186765106498
12,6,DSDM01,0.6446988260336926
12,7,DSDM02,0.5323448350245448
12,8,DSDM03,0.6804076927459658
12,9,DSDM04,0.7308959785382924
12,10,DSDM05,0.699997378696891
12,11,DSDM06,0.6091118880827642
12,12,DSENG01,0.6005325919339312
12,13,DSENG02,0.5377738946612469
12,14,DSENG03,0.47175327423272273
12,15,DSENG04,0.3362327618962394
12,16,DSENG05,0.4686717134731231
12,17,DSENG06,0.47590507639797575
12,18,DSRM01,0.5916812392593678
12,19,DSRM02,0.6786576653240104
12,20,DSRM03,0.6719934770452878
12,21,DSRM04,0.5881788331498935
12,22,DSRM05,0.6805792445005167
12,23,DSRM06,0.7249850473783798
13,0,DSDA01,0.7079794161542283
13,1,DSDA02,0.48567509206671633
13,2,DSDA03,0.6888499604068142
13,3,DSDA04,0.7489301272459097
13,4,DSDA05,0.3375289708622886
13,5,DSDA06,0.7062180286786606
13,6,DSDM01,0.4901938496412801
13,7,DSDM02,0.4355810575901805
13,8,DSDM03,0.7571680886109514
13,9,DSDM04,0.8325480214424693
13,10,DSDM05,0.45623575522714876
13,11,DSDM06,0.6250767388459362
13,12,DSENG01,0.45997938067962163
13,13,DSENG02,0.40675161943054017
13,14,DSENG03,0.39410871860034824
13,15,DSENG04,0.3504611382406506
13,16,DSENG05,0.44970494919246673
13,17,DSENG06,0.422567105899195
13,18,DSRM01,0.6839407147146039
13,19,DSRM02,0.595316968251582
13,20,DSRM03,0.5600861870241385
13,21,DSRM04,0.6302298003173334
13,22,DSRM05,0.7140558072278301
13,23,DSRM06,0.6364256125838557
14,0,DSDA01,0.5524206794370932
14,1,DSDA02,0.5409133731140536
14,2,DSDA03,0.5542527419436483
14,3,DSDA04,0.5486601732290163
14,4,DSDA05,0.25729432365531313
14,5,DSDA06,0.701665254279582
14,6,DSDM01,0.6353893320153707
14,7,DSDM02,0.6654644516562499
14,8,DSDM03,0.7910424344999684
14,9,DSDM04,0.8203647469550881
14,10,DSDM05,0.7146438080410398
14,11,DSDM06,0.7173124949674172
14,12,DSENG01,0.7306242339636231
14,13,DSENG02,0.5674897177305451
14,14,DSENG03,0.28985731856051744
14,15,DSENG04,0.44766921658141234
14,16,DSENG05,0.44943256914642016
14,17,DSENG06,0.4404815823533432
14,18,DSRM01,0.6728029188372873
14,19,DSRM02,0.7429985198232363
14,20,DSRM03,0.6734554500768255
14,21,DSRM04,0.6751400781655027
14,22,DSRM05,0.7517805573202331
14,23,DSRM06,0.7266676614114312
15,0,DSDA01,0.6338070410641667
15,1,DSDA02,0.6230478646986485
15,2,DSDA03,0.6250939480725872
15,3,DSDA04,0.6924953687592929
15,4,DSDA05,0.4978574336534983
15,5,DSDA06,0.6458274169704226
15,6,DSDM01,0.6503515092786225
15,7,DSDM02,0.5090744727941056
15,8,DSDM03,0.6852941101027733
15,9,DSDM04,0.7532032079421122
15,10,DSDM05,0.5917650005117614
15,11,DSDM06,0.5287765160979083
15,12,DSENG01,0.5098344438959002
15,13,DSENG02,0.4132957418273353
15,14,DSENG03,0.28101065578112894
15,15,DSENG04,0.627565376233552
15,16,DSENG05,0.17505462534103067
15,17,DSENG06,0.5411217001181976
15,18,DSRM01,0.4746145666992838
15,19,DSRM02,0.5631040482066123
15,20,DSRM03,0.5361158127905252
15,21,DSRM04,0.5223597521098144
15,22,DSRM05,0.6063835558006223
15,23,DSRM06,0.6220300021092744
16,0,DSDA01,0.6405220366428936
16,1,DSDA02,0.502443538947069
16,2,DSDA03,0.47441529384855274
16,3,DSDA04,0.5989656811431585
16,4,DSDA05,0.3662814524952731
16,5,DSDA06,0.4728347087618555
16,6,DSDM01,0.5683729223068109
16,7,DSDM02,0.5365866025623262
16,8,DSDM03,0.768843641448187
16,9,DSDM04,0.6232915054473059
16,10,DSDM05,0.5972220229474341
16,11,DSDM06,0.5450495632844969
16,12,DSENG01,0.4892031084840637
16,13,DSENG02,0.45544762535229544
16,14,DSENG03,0.3828241598105433
16,15,DSENG04,0.4592053739390707
16,16,DSENG05,0.31274806164084035
16,17,DSENG06,0.40210246722329845
16,18,DSRM01,0.5841456034902184
16,19,DSRM02,0.5832930848090843
16,20,DSRM03,0.4237999764186676
16,21,DSRM04,0.6051156135568629
16,22,DSRM05,0.5669240860393132
16,23,DSRM06,0.5803237978493613
17,0,DSDA01,0.7638653205887083
17,1,DSDA02,0.6051151982614469
17,2,DSDA03,0.5949142655413976
17,3,DSDA04,0.6152809644184605
17,4,DSDA05,0.6875044932027321
17,5,DSDA06,0.7655190656494513
17,6,DSDM01,0.5048164779527692
17,7,DSDM02,0.3175814852462565
17,8,DSDM03,0.79381786071843
17,9,DSDM04,0.39935981037776924
17,10,DSDM05,0.6457486734884418
17,11,DSDM06,0.6102356061893728
17,12,DSENG01,0.3199381315496058
17,13,DSENG02,0.5670087681372944
17,14,DSENG03,0.33979977087875146
17,15,DSENG04,0.5134514808768544
17,16,DSENG05,0.29784192029533196
17,17,DSENG06,0.8416034245813186
17,18,DSRM01,0.7808766671140628
17,19,DSRM02,0.5613191081728401
17,20,DSRM03,0.4111960232481554
17,21,DSRM04,0.4782351883212286
17,22,DSRM05,0.5874616797791726
17,23,DSRM06,0.5904933192559536
18,0,DSDA01,0.6661820532012275
18,1,DSDA02,0.5043640160481513
18,2,DSDA03,0.5614242997333718
18,3,DSDA04,0.6016078804111213
18,4,DSDA05,0.32901506039239026
18,5,DSDA06,0.5432520788756114
18,6,DSDM01,0.7084801252277435
18,7,DSDM02,0.41469190810092016
18,8,DSDM03,0.5783507584134923
18,9,DSDM04,0.6685079896306411
18,10,DSDM05,0.5747236785254332
18,11,DSDM06,0.5290293344363792
18,12,DSENG01,0.6264610002337951
18,13,DSENG02,0.37712097413649504
18,14,DSENG03,0.559049746595322
18,15,DSENG04,0.4219256594502411
18,16,DSENG05,0.4966118242629649
18,17,DSENG06,0.3243306962329532
18,18,DSRM01,0.4714809659154314
18,19,DSRM02,0.5080646611411191
18,20,DSRM03,0.47371451226820827
18,21,DSRM04,0.4495824620144885
18,22,DSRM05,0.5244902618633663
18,23,DSRM06,0.6997914250917725
19,0,DSDA01,0.6615042642879679
19,1,DSDA02,0.4345996119640331
19,2,DSDA03,0.5347039911036713
19,3,DSDA04,0.7048518834900206
19,4,DSDA05,0.3605676077548494
19,5,DSDA06,0.5911705459895689
19,6,DSDM01,0.6442773507616354
19,7,DSDM02,0.48523456968329637
19,8,DSDM03,0.7278010414208624
19,9,DSDM04,0.6525391327774664
19,10,DSDM05,0.6549502202298175
19,11,DSDM06,0.6469503639881999
19,12,DSENG01,0.5426549593438521
19,13,DSENG02,0.5414923557265074
19,14,DSENG03,0.31976811983212106
19,15,DSENG04,0.4645153633513698
19,16,DSENG05,0.29648087647165977
19,17,DSENG06,0.40999400084863646
19,18,DSRM01,0.6327707909998477
19,19,DSRM02,0.7075562983184349
19,20,DSRM03,0.4331922748568754
19,21,DSRM04,0.458094186508918
19,22,DSRM05,0.7203012281258143
19,23,DSRM06,0.7015004651966098
20,0,DSDA01,0.5102145320849779
20,1,DSDA02,0.5322279196740846
20,2,DSDA03,0.4496200771950899
20,3,DSDA04,0.5127786771443771
20,4,DSDA05,0.2713131804359009
20,5,DSDA06,0.5653422885675485
20,6,DSDM01,0.49481685482039117
20,7,DSDM02,0.46660940681941687
20,8,DSDM03,0.6102322036750057
20,9,DSDM04,0.6052553056223728
20,10,DSDM05,0.6325767505039183
20,11,DSDM06,0.48092440150263793
20,12,DSENG01,0.5457424838791416
20,13,DSENG02,0.3893404477614938
20,14,DSENG03,0.4318539556366392
20,15,DSENG04,0.4004421088601958
20,16,DSENG05,0.3942461895497156
20,17,DSENG06,0.4219375976396049
20,18,DSRM01,0.5442017939937223
20,19,DSRM02,0.6227034835686162
20,20,DSRM03,0.5078474071236763
20,21,DSRM04,0.41925668853210474
20,22,DSRM05,0.6025750686791407
20,23,DSRM06,0.5819622510725042
21,0,DSDA01,0.6039975242729887
21,1,DSDA02,0.5437208863820799
21,2,DSDA03,0.6233834878652058
21,3,DSDA04,0.5523731388963697
21,4,DSDA05,0.38745441970323413
21,5,DSDA06,0.6596089537184612
21,6,DSDM01,0.5516877499281136
21,7,DSDM02,0.3527315759809817
21,8,DSDM03,0.8032732903031456
21,9,DSDM04,0.6536027813985335
21,10,DSDM05,0.5539463516913465
21,11,DSDM06,0.6941935785098368
21,12,DSENG01,0.4543814619796186
21,13,DSENG02,0.49754613483547694
21,14,DSENG03,0.2513341715135664
21,15,DSENG04,0.5089887933404147
21,16,DSENG05,0.25293551176424933
21,17,DSENG06,0.552103599002122
21,18,DSRM01,0.6641322181417212
21,19,DSRM02,0.6811609503561187
21,20,DSRM03,0.45379485344410453
21,21,DSRM04,0.5048741292672032
21,22,DSRM05,0.5553739954705565
21,23,DSRM06,0.7124432200214221
22,0,DSDA01,0.6835493266587863
22,1,DSDA02,0.4734263317800047
22,2,DSDA03,0.5910104849877806
22,3,DSDA04,0.674726278011305
22,4,DSDA05,0.285381047850068
22,5,DSDA06,0.5688190899422079
22,6,DSDM01,0.6139933233510495
22,7,DSDM02,0.47906760111029856
22,8,DSDM03,0.6532915265620043
22,9,DSDM04,0.6720573415611382
22,10,DSDM05,0.6705118899211429
22,11,DSDM06,0.588711952456535
22,12,DSENG01,0.5167353412342468
22,13,DSENG02,0.46268263018077294
22,14,DSENG03,0.4459373787201675
22,15,DSENG04,0.39082708640453345
22,16,DSENG05,0.3767348962117495
22,17,DSENG06,0.3793336375104631
22,18,DSRM01,0.5906743272527197
22,19,DSRM02,0.6040273616168208
22,20,DSRM03,0.5146694452589002
22,21,DSRM04,0.4826533739478205
22,22,DSRM05,0.6113913170410021
22,23,DSRM06,0.6891184895439919
23,0,DSDA01,0.4808684021492745
23,1,DSDA02,0.48718586143265097
23,2,DSDA03,0.5490058292854044
23,3,DSDA04,0.41794485452335395
23,4,DSDA05,0.25444830078191794
23,5,DSDA06,0.8157179277451412
23,6,DSDM01,0.4976318389347755
23,7,DSDM02,0.4228834981015652
23,8,DSDM03,0.7503968991081911
23,9,DSDM04,0.6027450302366751
23,10,DSDM05,0.628488588334948
23,11,DSDM06,0.6097283231278259
23,12,DSENG01,0.5240786815129178
23,13,DSENG02,0.5065232164540626
23,14,DSENG03,0.3584337398456052
23,15,DSENG04,0.39230208530826405
23,16,DSENG05,0.4067714032142761
23,17,DSENG06,0.6431805739127734
23,18,DSRM01,0.601493986121066
23,19,DSRM02,0.688754101605037
23,20,DSRM03,0.6164276538613378
23,21,DSRM04,0.5646890042252091
23,22,DSRM05,0.5612371405934696
23,23,DSRM06,0.6673769189420913
24,0,DSDA01,0.3761541343041003
24,1,DSDA02,0.5825620834417804
24,2,DSDA03,0.39255183804433424
24,3,DSDA04,0.3887654411979524
24,4,DSDA05,0.32459558772759445
24,5,DSDA06,0.6238824813248185
24,6,DSDM01,0.44412875372614746
24,7,DSDM02,0.4326165220348307
24,8,DSDM03,0.607412360059638
24,9,DSDM04,0.6761430961084836
24,10,DSDM05,0.568064622238565
24,11,DSDM06,0.49885407691640793
24,12,DSENG01,0.4701392867433183
24,13,DSENG02,0.4117429922041598
24,14,DSENG03,0.37622401326599664
24,15,DSENG04,0.4793903968751472
24,16,DSENG05,0.40597309066184073
24,17,DSENG06,0.5008767903169332
24,18,DSRM01,0.5480012841204696
24,19,DSRM02,0.4934949079118097
24,20,DSRM03,0.482684756088791
24,21,DSRM04,0.5096867068001119
24,22,DSRM05,0.5863516847320329
24,23,DSRM06,0.5802570944714224
25,0,DSDA01,0.3761541343041003
25,1,DSDA02,0.5825620834417804
25,2,DSDA03,0.39255183804433413
25,3,DSDA04,0.3887654411979524
25,4,DSDA05,0.32459558772759445
25,5,DSDA06,0.6238824813248185
25,6,DSDM01,0.44412875372614746
25,7,DSDM02,0.4326165220348307
25,8,DSDM03,0.607412360059638
25,9,DSDM04,0.6761430961084836
25,10,DSDM05,0.568064622238565
25,11,DSDM06,0.49885407691640793
25,12,DSENG01,0.4701392867433183
25,13,DSENG02,0.4117429922041598
25,14,DSENG03,0.37622401326599664
25,15,DSENG04,0.4793903968751472
25,16,DSENG05,0.40597309066184073
25,17,DSENG06,0.5008767903169332
25,18,DSRM01,0.5480012841204696
25,19,DSRM02,0.4934949079118097
25,20,DSRM03,0.482684756088791
25,21,DSRM04,0.5096867068001119
25,22,DSRM05,0.5863516847320329
25,23,DSRM06,0.5802570944714224
26,0,DSDA01,0.572649662066639
26,1,DSDA02,0.4522014967018392
26,2,DSDA03,0.384507599080093
26,3,DSDA04,0.4772439240530113
26,4,DSDA05,0.3123849694991824
26,5,DSDA06,0.5071227435583596
26,6,DSDM01,0.5451120985795137
26,7,DSDM02,0.4816031460331981
26,8,DSDM03,0.7475765307297837
26,9,DSDM04,0.5198945469129155
26,10,DSDM05,0.6826246429624354
26,11,DSDM06,0.643631739579906
26,12,DSENG01,0.5720763540587368
26,13,DSENG02,0.5521248795150555
26,14,DSENG03,0.41619427442356505
26,15,DSENG04,0.4421119829570279
26,16,DSENG05,0.415938342376021
26,17,DSENG06,0.4060224605874956
26,18,DSRM01,0.6878414377833086
26,19,DSRM02,0.698266630792666
26,20,DSRM03,0.371236967058189
26,21,DSRM04,0.4289413953752549
26,22,DSRM05,0.6774240190167659
26,23,DSRM06,0.691885513976088
27,0,DSDA01,0.6068105751493569
27,1,DSDA02,0.503089120655061
27,2,DSDA03,0.5995961491651901
27,3,DSDA04,0.5501352002015406
27,4,DSDA05,0.343977379957489
27,5,DSDA06,0.6901185116327688
27,6,DSDM01,0.6756971996766503
27,7,DSDM02,0.5331085921346745
27,8,DSDM03,0.7696546602404118
27,9,DSDM04,0.7068929353008291
27,10,DSDM05,0.6008764174226513
27,11,DSDM06,0.6554297017124869
27,12,DSENG01,0.6852318896218608
27,13,DSENG02,0.4978533926256229
27,14,DSENG03,0.30628680187419965
27,15,DSENG04,0.48508902102059714
27,16,DSENG05,0.32232132033414673
27,17,DSENG06,0.458061557203595
27,18,DSRM01,0.5908549520287734
27,19,DSRM02,0.7076255301039313
27,20,DSRM03,0.5576780902238616
27,21,DSRM04,0.5360652460662956
27,22,DSRM05,0.6283737305790753
27,23,DSRM06,0.6927201060015488
28,0,DSDA01,0.5136866760435841
28,1,DSDA02,0.5088362771665397
28,2,DSDA03,0.5891479626904326
28,3,DSDA04,0.5103201320572247
28,4,DSDA05,0.3353097358433026
28,5,DSDA06,0.7748501312188012
28,6,DSDM01,0.3967629529874658
28,7,DSDM02,0.3528151253697718
28,8,DSDM03,0.6516510549192254
28,9,DSDM04,0.6880887168576477
28,10,DSDM05,0.3756496256156613
28,11,DSDM06,0.5503823950239741
28,12,DSENG01,0.4959629824252101
28,13,DSENG02,0.42252476476475187
28,14,DSENG03,0.3182288616494252
28,15,DSENG04,0.33649297509747234
28,16,DSENG05,0.38223017260289394
28,17,DSENG06,0.5220023178635623
28,18,DSRM01,0.6813495337573939
28,19,DSRM02,0.6427518955838991
28,20,DSRM03,0.5534196630204871
28,21,DSRM04,0.5682826903116712
28,22,DSRM05,0.5777950307675352
28,23,DSRM06,0.593348674491565
29,0,DSDA01,0.5915983879525787
29,1,DSDA02,0.582460248787526
29,2,DSDA03,0.5779563232434191
29,3,DSDA04,0.5529785842288549
29,4,DSDA05,0.30739912491318766
29,5,DSDA06,0.6492453048205369
29,6,DSDM01,0.5811231222046691
29,7,DSDM02,0.5199810066336227
29,8,DSDM03,0.7205482521489119
29,9,DSDM04,0.7293886939136385
29,10,DSDM05,0.6267954733446006
29,11,DSDM06,0.657089696322761
29,12,DSENG01,0.6169370899291764
29,13,DSENG02,0.45189406771403806
29,14,DSENG03,0.29364027715134666
29,15,DSENG04,0.4907144471679943
29,16,DSENG05,0.33896561567202066
29,17,DSENG06,0.45715119964524853
29,18,DSRM01,0.5827692008366113
29,19,DSRM02,0.6974327125644144
29,20,DSRM03,0.5845093802723927
29,21,DSRM04,0.507191712640605
29,22,DSRM05,0.6536338022902826
29,23,DSRM06,0.7115745332569587
30,0,DSDA01,0.7209082182957036
30,1,DSDA02,0.5592210919391927
30,2,DSDA03,0.6288252528321225
30,3,DSDA04,0.6270804038451523
30,4,DSDA05,0.48482415423119885
30,5,DSDA06,0.49771086778004814
30,6,DSDM01,0.6468851677927485
30,7,DSDM02,0.2598662961533429
30,8,DSDM03,0.7074685963081201
30,9,DSDM04,0.5832349257789718
30,10,DSDM05,0.5622408147980905
30,11,DSDM06,0.6146956795189658
30,12,DSENG01,0.3829923873690213
30,13,DSENG02,0.42823578830819586
30,14,DSENG03,0.4027952536624124
30,15,DSENG04,0.5023979010993502
30,16,DSENG05,0.28761592674028735
30,17,DSENG06,0.46100193810019563
30,18,DSRM01,0.6245449728370933
30,19,DSRM02,0.4858779978908876
30,20,DSRM03,0.3081480333253701
30,21,DSRM04,0.40346644966696055
30,22,DSRM05,0.4399744724522978
30,23,DSRM06,0.672181062450414
31,0,DSDA01,0.7022943068591374
31,1,DSDA02,0.4678057058691829
31,2,DSDA03,0.7052283178112828
31,3,DSDA04,0.639463242271004
31,4,DSDA05,0.3226032988781764
31,5,DSDA06,0.7472619815398083
31,6,DSDM01,0.6781226620302337
31,7,DSDM02,0.572135237208701
31,8,DSDM03,0.8411880112410013
31,9,DSDM04,0.7302599783494974
31,10,DSDM05,0.7311130192640349
31,11,DSDM06,0.7059171487500733
31,12,DSENG01,0.6211807836636027
31,13,DSENG02,0.5798371442268899
31,14,DSENG03,0.38371893851798133
31,15,DSENG04,0.4543929815944532
31,16,DSENG05,0.3608212482833253
31,17,DSENG06,0.5302379849104053
31,18,DSRM01,0.6807262713792125
31,19,DSRM02,0.70604998176266
31,20,DSRM03,0.6366653199160204
31,21,DSRM04,0.6101556956181324
31,22,DSRM05,0.6702666594731294
31,23,DSRM06,0.7459975182713456
32,0,DSDA01,0.5073094247911425
32,1,DSDA02,0.4119591170053517
32,2,DSDA03,0.511255071241575
32,3,DSDA04,0.3878855096953595
32,4,DSDA05,0.26582046013724137
32,5,DSDA06,0.6572133766967874
32,6,DSDM01,0.5755041931796658
32,7,DSDM02,0.4495318855606377
32,8,DSDM03,0.7306666927911785
32,9,DSDM04,0.5781774961798141
32,10,DSDM05,0.6182838578469289
32,11,DSDM06,0.6183638597707826
32,12,DSENG01,0.5327517039269551
32,13,DSENG02,0.5475407738205955
32,14,DSENG03,0.5428541352228891
32,15,DSENG04,0.376648262359071
32,16,DSENG05,0.47224183936710074
32,17,DSENG06,0.47400059187158505
32,18,DSRM01,0.6577398575275328
32,19,DSRM02,0.589635037229171
32,20,DSRM03,0.4695722998377039
32,21,DSRM04,0.5391325391875487
32,22,DSRM05,0.49248702825571256
32,23,DSRM06,0.6465253798538504
33,0,DSDA01,0.7682047024226343
33,1,DSDA02,0.5923340793785018
33,2,DSDA03,0.673061508696738
33,3,DSDA04,0.6666736296438083
33,4,DSDA05,0.4459200975543627
33,5,DSDA06,0.6439499292069089
33,6,DSDM01,0.6995082628724549
33,7,DSDM02,0.5829786213399164
33,8,DSDM03,0.8758979443823188
33,9,DSDM04,0.7076445408062244
33,10,DSDM05,0.6813183664983856
33,11,DSDM06,0.7406367942671708
33,12,DSENG01,0.6262226238680486
33,13,DSENG02,0.5513015996433088
33,14,DSENG03,0.23715424792616357
33,15,DSENG04,0.5535828439903215
33,16,DSENG05,0.2627203695068556
33,17,DSENG06,0.5329053650439582
33,18,DSRM01,0.6637943478307232
33,19,DSRM02,0.7263974399675344
33,20,DSRM03,0.5727948298679001
33,21,DSRM04,0.6294039427159102
33,22,DSRM05,0.6449631597546663
33,23,DSRM06,0.7403222161345513
34,0,DSDA01,0.5820079132152763
34,1,DSDA02,0.650547342482954
34,2,DSDA03,0.6209217334286317
34,3,DSDA04,0.5106279470621264
34,4,DSDA05,0.4295757308147985
34,5,DSDA06,0.695854280704532
34,6,DSDM01,0.5462310867933822
34,7,DSDM02,0.4477948815055628
34,8,DSDM03,0.7425027881460692
34,9,DSDM04,0.7120715889166399
34,10,DSDM05,0.6140979711730686
34,11,DSDM06,0.7135862465872569
34,12,DSENG01,0.541607747362319
34,13,DSENG02,0.570920069113465
34,14,DSENG03,0.17160578215493538
34,15,DSENG04,0.5391827166890788
34,16,DSENG05,0.2643408604530705
34,17,DSENG06,0.5994627283766027
34,18,DSRM01,0.7385264966520907
34,19,DSRM02,0.6654113647192463
34,20,DSRM03,0.5673022798242499
34,21,DSRM04,0.6144180419639437
34,22,DSRM05,0.5849040731620664
34,23,DSRM06,0.7647739247186649
35,0,DSDA01,0.5387760090022615
35,1,DSDA02,0.4470257101549261
35,2,DSDA03,0.5077694957809471
35,3,DSDA04,0.5416661969370431
35,4,DSDA05,0.27468615976458843
35,5,DSDA06,0.5776213133994385
35,6,DSDM01,0.5434915956694881
35,7,DSDM02,0.40302991343132943
35,8,DSDM03,0.6203231529188343
35,9,DSDM04,0.6717798290297557
35,10,DSDM05,0.47808497038436637
35,11,DSDM06,0.5150676011507324
35,12,DSENG01,0.4293946645466281
35,13,DSENG02,0.40749820775845635
35,14,DSENG03,0.4822658949677371
35,15,DSENG04,0.36814491791513915
35,16,DSENG05,0.4136387204658083
35,17,DSENG06,0.3801559085064362
35,18,DSRM01,0.5136636252194906
35,19,DSRM02,0.49611202791393283
35,20,DSRM03,0.4493790440003732
35,21,DSRM04,0.5800210832315409
35,22,DSRM05,0.46777969874234315
35,23,DSRM06,0.5975429540118822
36,0,DSDA01,0.701562523784691
36,1,DSDA02,0.4716730960102379
36,2,DSDA03,0.6277778909928484
36,3,DSDA04,0.5767141073516547
36,4,DSDA05,0.44227698605479937
36,5,DSDA06,0.6676730008172497
36,6,DSDM01,0.6590031086206817
36,7,DSDM02,0.4461243945788753
36,8,DSDM03,0.7964836965934563
36,9,DSDM04,0.5644127619244226
36,10,DSDM05,0.5932611911716446
36,11,DSDM06,0.6355918593707568
36,12,DSENG01,0.4891417964187178
36,13,DSENG02,0.547055015646862
36,14,DSENG03,0.315788209246486
36,15,DSENG04,0.45292123246132354
36,16,DSENG05,0.23557406738952413
36,17,DSENG06,0.5636857539537787
36,18,DSRM01,0.645386426936734
36,19,DSRM02,0.6011271543796453
36,20,DSRM03,0.46383812957384185
36,21,DSRM04,0.5898556110210247
36,22,DSRM05,0.477013965306465
36,23,DSRM06,0.6438975790759992
37,0,DSDA01,0.7015755212230743
37,1,DSDA02,0.6163348630496511
37,2,DSDA03,0.7240929144286484
37,3,DSDA04,0.616126099888987
37,4,DSDA05,0.5162905636975447
37,5,DSDA06,0.6470403272641767
37,6,DSDM01,0.7236232638853872
37,7,DSDM02,0.5267159348098234
37,8,DSDM03,0.7913552688078894
37,9,DSDM04,0.7318095702824858
37,10,DSDM05,0.6571236764355328
37,11,DSDM06,0.6889812000738187
37,12,DSENG01,0.574231166925461
37,13,DSENG02,0.5797134227933645
37,14,DSENG03,0.2828901319285313
37,15,DSENG04,0.6284069421298839
37,16,DSENG05,0.18460206927595446
37,17,DSENG06,0.564878157047319
37,18,DSRM01,0.6723395351296515
37,19,DSRM02,0.6105541811021666
37,20,DSRM03,0.5406490920168505
37,21,DSRM04,0.6158690700303457
37,22,DSRM05,0.5251560334498842
37,23,DSRM06,0.7443331098530956
38,0,DSDA01,0.5831652914235146
38,1,DSDA02,0.4619061898720451
38,2,DSDA03,0.5454575356085267
38,3,DSDA04,0.5677184949132354
38,4,DSDA05,0.3845104683245333
38,5,DSDA06,0.7132846116165696
38,6,DSDM01,0.586013635299694
38,7,DSDM02,0.5022916462574184
38,8,DSDM03,0.7327704857739868
38,9,DSDM04,0.6212413979654501
38,10,DSDM05,0.6742754624511176
38,11,DSDM06,0.6283565285499919
38,12,DSENG01,0.49766282028097664
38,13,DSENG02,0.5881892864682585
38,14,DSENG03,0.3059652713917713
38,15,DSENG04,0.48389704731202
38,16,DSENG05,0.25999184638337947
38,17,DSENG06,0.5697217570482792
38,18,DSRM01,0.6543032232120548
38,19,DSRM02,0.6445028219357374
38,20,DSRM03,0.5078529295371563
38,21,DSRM04,0.5326974118031607
38,22,DSRM05,0.6480966629219467
38,23,DSRM06,0.6742747759939017
39,0,DSDA01,0.681539343522152
39,1,DSDA02,0.5840268949177576
39,2,DSDA03,0.631795662914769
39,3,DSDA04,0.6545420689121656
39,4,DSDA05,0.3964426851264793
39,5,DSDA06,0.6905987942675871
39,6,DSDM01,0.5327496918906953
39,7,DSDM02,0.4818290513750082
39,8,DSDM03,0.6956085817755601
39,9,DSDM04,0.7139329726613384
39,10,DSDM05,0.49175798259853576
39,11,DSDM06,0.5576995777472638
39,12,DSENG01,0.4934456903191613
39,13,DSENG02,0.38298112153781527
39,14,DSENG03,0.27274573705360794
39,15,DSENG04,0.42383920500386707
39,16,DSENG05,0.2900003823904487
39,17,DSENG06,0.5160796329093364
39,18,DSRM01,0.5508343390708177
39,19,DSRM02,0.5889027405392203
39,20,DSRM03,0.5946175247084653
39,21,DSRM04,0.6212081996140757
39,22,DSRM05,0.57172983582249
39,23,DSRM06,0.5944747407659081
40,0,DSDA01,0.4601683257786333
40,1,DSDA02,0.4468122972969123
40,2,DSDA03,0.46560142144900607
40,3,DSDA04,0.3670220374550138
40,4,DSDA05,0.35355279792974903
40,5,DSDA06,0.777179845376049
40,6,DSDM01,0.561265144446899
40,7,DSDM02,0.5015542103664792
40,8,DSDM03,0.7450502370153723
40,9,DSDM04,0.5350702065879196
40,10,DSDM05,0.6510376510563314
40,11,DSDM06,0.5733851268420999
40,12,DSENG01,0.6118118873618763
40,13,DSENG02,0.6066624894765192
40,14,DSENG03,0.3276063668359638
40,15,DSENG04,0.45189293818429743
40,16,DSENG05,0.32733965796345865
40,17,DSENG06,0.6370846742973253
40,18,DSRM01,0.6511349552391958
40,19,DSRM02,0.67084116758378
40,20,DSRM03,0.5435939485674356
40,21,DSRM04,0.5803784902324582
40,22,DSRM05,0.5759853552625787
40,23,DSRM06,0.6465397325537519
41,0,DSDA01,0.5737744216555308
41,1,DSDA02,0.4094446375979832
41,2,DSDA03,0.5319632316233952
41,3,DSDA04,0.4525645770507284
41,4,DSDA05,0.3326274555578055
41,5,DSDA06,0.7284171047224101
41,6,DSDM01,0.38802574086138697
41,7,DSDM02,0.28683279174526166
41,8,DSDM03,0.6298953763465649
41,9,DSDM04,0.509763132015153
41,10,DSDM05,0.4484974509705255
41,11,DSDM06,0.5205778412326605
41,12,DSENG01,0.45335808640095543
41,13,DSENG02,0.4617283027271408
41,14,DSENG03,0.5305115517141601
41,15,DSENG04,0.3281022561940401
41,16,DSENG05,0.4606059117673842
41,17,DSENG06,0.5367094610382619
41,18,DSRM01,0.684601804859531
41,19,DSRM02,0.5818065233451819
41,20,DSRM03,0.45110154562189697
41,21,DSRM04,0.4461915627761769
41,22,DSRM05,0.5632968725678038
41,23,DSRM06,0.6576768250480678
42,0,DSDA01,0.5522515211872138
42,1,DSDA02,0.4370544484939397
42,2,DSDA03,0.5008479261846467
42,3,DSDA04,0.5042210578765086
42,4,DSDA05,0.2651159999366409
42,5,DSDA06,0.6132015576027954
42,6,DSDM01,0.47062885070232285
42,7,DSDM02,0.4724417181519175
42,8,DSDM03,0.7597730815816871
42,9,DSDM04,0.6375902080153888
42,10,DSDM05,0.5623568519141982
42,11,DSDM06,0.6330468473111475
42,12,DSENG01,0.4677113829770535
42,13,DSENG02,0.5481373809530905
42,14,DSENG03,0.3755251964512154
42,15,DSENG04,0.38910722964472555
42,16,DSENG05,0.37440595322688663
42,17,DSENG06,0.45937941985185005
42,18,DSRM01,0.6892170779920149
42,19,DSRM02,0.6592903755592388
42,20,DSRM03,0.4829424744343639
42,21,DSRM04,0.6378760550962894
42,22,DSRM05,0.5844651699015131
42,23,DSRM06,0.6800210628265491
43,0,DSDA01,0.42142214604102357
43,1,DSDA02,0.6456892289367576
43,2,DSDA03,0.48443323041529596
43,3,DSDA04,0.4302432361043552
43,4,DSDA05,0.34204393541613076
43,5,DSDA06,0.6115998813729365
43,6,DSDM01,0.518669363330257
43,7,DSDM02,0.4065515106586749
43,8,DSDM03,0.5439061873330264
43,9,DSDM04,0.7721389905745499
43,10,DSDM05,0.4330631947962529
43,11,DSDM06,0.5154360246629027
43,12,DSENG01,0.5755831990033671
43,13,DSENG02,0.33724462601167615
43,14,DSENG03,0.3891360666789502
43,15,DSENG04,0.5094216764104514
43,16,DSENG05,0.4294207888046565
43,17,DSENG06,0.41030647094202644
43,18,DSRM01,0.47664206187766456
43,19,DSRM02,0.5165125513635852
43,20,DSRM03,0.5179667944804617
43,21,DSRM04,0.5125161439162634
43,22,DSRM05,0.5231137320940845
43,23,DSRM06,0.6370280156569728
44,0,DSDA01,0.6331390101057712
44,1,DSDA02,0.3935632767512053
44,2,DSDA03,0.6044906944208878
44,3,DSDA04,0.5955111977606244
44,4,DSDA05,0.35848649420151957
44,5,DSDA06,0.6863151307067072
44,6,DSDM01,0.45380117671886133
44,7,DSDM02,0.35158521515786
44,8,DSDM03,0.6841243494922638
44,9,DSDM04,0.6181351508550734
44,10,DSDM05,0.40579842880986317
44,11,DSDM06,0.5354258395210063
44,12,DSENG01,0.4875108546964231
44,13,DSENG02,0.47520605554543105
44,14,DSENG03,0.42302603466276567
44,15,DSENG04,0.315608914221878
44,16,DSENG05,0.36889611256714705
44,17,DSENG06,0.44932673201595674
44,18,DSRM01,0.7312342074410589
44,19,DSRM02,0.6257215790738402
44,20,DSRM03,0.4556390159500895
44,21,DSRM04,0.543790928787862
44,22,DSRM05,0.5853137808940219
44,23,DSRM06,0.6194488012785646
45,0,DSDA01,0.6612081625215755
45,1,DSDA02,0.45517423148876346
45,2,DSDA03,0.6295990593072404
45,3,DSDA04,0.5884247744622204
45,4,DSDA05,0.5425013263323313
45,5,DSDA06,0.7211832224668762
45,6,DSDM01,0.7369877227081407
45,7,DSDM02,0.5221676775524489
45,8,DSDM03,0.7429313674173149
45,9,DSDM04,0.5910041936256978
45,10,DSDM05,0.5944920294132356
45,11,DSDM06,0.5747653623400257
45,12,DSENG01,0.5449492185260252
45,13,DSENG02,0.6370558498903707
45,14,DSENG03,0.3312703020059491
45,15,DSENG04,0.5260435919448123
45,16,DSENG05,0.17878482230456716
45,17,DSENG06,0.6102422710101234
45,18,DSRM01,0.6439444267912002
45,19,DSRM02,0.5618258284200918
45,20,DSRM03,0.48618511246390905
45,21,DSRM04,0.6690149740235338
45,22,DSRM05,0.466173040391911
45,23,DSRM06,0.6296272230683583
46,0,DSDA01,0.7124390500859783
46,1,DSDA02,0.5193843629030147
46,2,DSDA03,0.5304460713999154
46,3,DSDA04,0.7059378112289263
46,4,DSDA05,0.39095509990211563
46,5,DSDA06,0.5952890818477296
46,6,DSDM01,0.5648908786248482
46,7,DSDM02,0.5218828950214973
46,8,DSDM03,0.7595052633213878
46,9,DSDM04,0.677120452996302
46,10,DSDM05,0.5645604803982834
46,11,DSDM06,0.5835936906644985
46,12,DSENG01,0.502754859347353
46,13,DSENG02,0.4201995926464749
46,14,DSENG03,0.3087233800735093
46,15,DSENG04,0.4625307709491716
46,16,DSENG05,0.3241834996839239
46,17,DSENG06,0.45411728564588016
46,18,DSRM01,0.5442570528076032
46,19,DSRM02,0.6273747033235408
46,20,DSRM03,0.49703245869441115
46,21,DSRM04,0.5797735710731731
46,22,DSRM05,0.6935429593703623
46,23,DSRM06,0.6255717345758758
47,0,DSDA01,0.5725958693756987
47,1,DSDA02,0.4750945936066495
47,2,DSDA03,0.6260437217779041
47,3,DSDA04,0.6118202075618052
47,4,DSDA05,0.40468619876793743
47,5,DSDA06,0.765156437529757
47,6,DSDM01,0.5618733887306668
47,7,DSDM02,0.3292515858767745
47,8,DSDM03,0.6015928891399229
47,9,DSDM04,0.6746673689660334
47,10,DSDM05,0.6245324732237227
47,11,DSDM06,0.5859186119175614
47,12,DSENG01,0.429359951296746
47,13,DSENG02,0.5455357649063481
47,14,DSENG03,0.32208824828569615
47,15,DSENG04,0.39828008979086205
47,16,DSENG05,0.3177663901862705
47,17,DSENG06,0.5621841951961953
47,18,DSRM01,0.7206506501111066
47,19,DSRM02,0.5172525405663428
47,20,DSRM03,0.49663457980281356
47,21,DSRM04,0.4658914844281268
47,22,DSRM05,0.6192821551307912
47,23,DSRM06,0.6780834105823952
48,0,DSDA01,0.49827075503574647
48,1,DSDA02,0.45703669236811184
48,2,DSDA03,0.5518147714087713
48,3,DSDA04,0.4113362911346754
48,4,DSDA05,0.3053114466991096
48,5,DSDA06,0.7771162187048926
48,6,DSDM01,0.544024141056575
48,7,DSDM02,0.543111151793058
48,8,DSDM03,0.8115495048788883
48,9,DSDM04,0.6672307864915454
48,10,DSDM05,0.5981407119585538
48,11,DSDM06,0.6480415705582916
48,12,DSENG01,0.6073190825998678
48,13,DSENG02,0.5793430947410857
48,14,DSENG03,0.3531421626795449
48,15,DSENG04,0.4674635066020463
48,16,DSENG05,0.35535338191880006
48,17,DSENG06,0.5759639224058404
48,18,DSRM01,0.6615631679488936
48,19,DSRM02,0.6940596615734049
48,20,DSRM03,0.5893193869188047
48,21,DSRM04,0.6427163747946664
48,22,DSRM05,0.6107070097680242
48,23,DSRM06,0.6851382687301805
49,0,DSDA01,0.6557088333288424
49,1,DSDA02,0.34239041647634694
49,2,DSDA03,0.5447059275762587
49,3,DSDA04,0.6089124059918334
49,4,DSDA05,0.2518987891892043
49,5,DSDA06,0.6532065265193286
49,6,DSDM01,0.5572853434964664
49,7,DSDM02,0.4682391190517835
49,8,DSDM03,0.75864414867605
49,9,DSDM04,0.5790942814361508
49,10,DSDM05,0.49566653568144636
49,11,DSDM06,0.5082491612840617
49,12,DSENG01,0.5352370975508218
49,13,DSENG02,0.37677488772806955
49,14,DSENG03,0.5659643800463735
49,15,DSENG04,0.2759383375804184
49,16,DSENG05,0.47309322917759977
49,17,DSENG06,0.39337187801640194
49,18,DSRM01,0.5296880849044094
49,19,DSRM02,0.6512503859722524
49,20,DSRM03,0.48581009149205856
49,21,DSRM04,0.5114888365664537
49,22,DSRM05,0.5796172749539836
49,23,DSRM06,0.5149382029498084
50,0,DSDA01,0.4677297298943416
50,1,DSDA02,0.5832314031134676
50,2,DSDA03,0.542761478682702
50,3,DSDA04,0.4108844709823496
50,4,DSDA05,0.3524103642764115
50,5,DSDA06,0.8311462175680456
50,6,DSDM01,0.4062117574071056
50,7,DSDM02,0.4501030724634365
50,8,DSDM03,0.7104873332454694
50,9,DSDM04,0.6696061589722913
50,10,DSDM05,0.591728089057074
50,11,DSDM06,0.6076040259662632
50,12,DSENG01,0.518746515483524
50,13,DSENG02,0.5158284003791439
50,14,DSENG03,0.26889807839178737
50,15,DSENG04,0.452789012423663
50,16,DSENG05,0.3670656594880549
50,17,DSENG06,0.6744907029356022
50,18,DSRM01,0.695830368547558
50,19,DSRM02,0.6367818800333844
50,20,DSRM03,0.6317621266562679
50,21,DSRM04,0.5840742840381963
50,22,DSRM05,0.6552952298482564
50,23,DSRM06,0.6661115925135955
51,0,DSDA01,0.6264434913345718
51,1,DSDA02,0.6097623371498581
51,2,DSDA03,0.5504309750877349
51,3,DSDA04,0.5825386897850968
51,4,DSDA05,0.5303301018847402
51,5,DSDA06,0.7425124008573678
51,6,DSDM01,0.612371540150426
51,7,DSDM02,0.5295406261183262
51,8,DSDM03,0.7658570213763507
51,9,DSDM04,0.6504252765255097
51,10,DSDM05,0.590086565706218
51,11,DSDM06,0.4786748883670957
51,12,DSENG01,0.5156895796752349
51,13,DSENG02,0.4091491572413595
51,14,DSENG03,0.25484536540169966
51,15,DSENG04,0.5454274482639896
51,16,DSENG05,0.25198185595980516
51,17,DSENG06,0.6760373823070349
51,18,DSRM01,0.48121576153397116
51,19,DSRM02,0.4896192210866813
51,20,DSRM03,0.5727406255291612
51,21,DSRM04,0.6501060133701367
51,22,DSRM05,0.5805329504823384
51,23,DSRM06,0.5173289725143502
52,0,DSDA01,0.7276381190772194
52,1,DSDA02,0.45262386450739167
52,2,DSDA03,0.5430494450272587
52,3,DSDA04,0.6021420981577023
52,4,DSDA05,0.5530237057828851
52,5,DSDA06,0.5077365160697308
52,6,DSDM01,0.7339714675756632
52,7,DSDM02,0.35549644264442126
52,8,DSDM03,0.6646789747126316
52,9,DSDM04,0.45014194777373906
52,10,DSDM05,0.4789183544278236
52,11,DSDM06,0.4279858526549438
52,12,DSENG01,0.5747233947800547
52,13,DSENG02,0.38875278588271023
52,14,DSENG03,0.6153504248632187
52,15,DSENG04,0.45048421505249725
52,16,DSENG05,0.3795390893011925
52,17,DSENG06,0.4145774761028642
52,18,DSRM01,0.5310418890440749
52,19,DSRM02,0.4947961952921972
52,20,DSRM03,0.27924731876270836
52,21,DSRM04,0.3737063107855204
52,22,DSRM05,0.4154002087803501
52,23,DSRM06,0.504500945773397
53,0,DSDA01,0.6811729556970721
53,1,DSDA02,0.4446751645147837
53,2,DSDA03,0.6436753918780187
53,3,DSDA04,0.631705139697559
53,4,DSDA05,0.4087756796945936
53,5,DSDA06,0.47640960962398826
53,6,DSDM01,0.7511998848621781
53,7,DSDM02,0.38093788443038956
53,8,DSDM03,0.7745768895563583
53,9,DSDM04,0.5876482956390071
53,10,DSDM05,0.6603154381120533
53,11,DSDM06,0.6242533945835766
53,12,DSENG01,0.425793435025146
53,13,DSENG02,0.5282620516152099
53,14,DSENG03,0.5178773985122298
53,15,DSENG04,0.47562807909595217
53,16,DSENG05,0.28646892990511774
53,17,DSENG06,0.4087273521385988
53,18,DSRM01,0.6430343086357142
53,19,DSRM02,0.5525064351539695
53,20,DSRM03,0.3199217433396384
53,21,DSRM04,0.46219271837423226
53,22,DSRM05,0.39153273571878744
53,23,DSRM06,0.6294231722548722
54,0,DSDA01,0.4832425914300653
54,1,DSDA02,0.493806725167272
54,2,DSDA03,0.34304085903521964
54,3,DSDA04,0.4865274654698317
54,4,DSDA05,0.3270873691501319
54,5,DSDA06,0.5897641255775815
54,6,DSDM01,0.5795679623187544
54,7,DSDM02,0.5978624344913362
54,8,DSDM03,0.5924198832938139
54,9,DSDM04,0.6811112035961202
54,10,DSDM05,0.5381574023952775
54,11,DSDM06,0.5681376454822522
54,12,DSENG01,0.6630115751263856
54,13,DSENG02,0.48686025174875713
54,14,DSENG03,0.3904322520950714
54,15,DSENG04,0.3987554702265905
54,16,DSENG05,0.4901012346847565
54,17,DSENG06,0.3306547015461263
54,18,DSRM01,0.579960286521392
54,19,DSRM02,0.5993953673376045
54,20,DSRM03,0.47699265001122493
54,21,DSRM04,0.5624900365383736
54,22,DSRM05,0.6900250170480788
54,23,DSRM06,0.5808073951902419
55,0,DSDA01,0.6761782046186491
55,1,DSDA02,0.30358903014356586
55,2,DSDA03,0.5564978651294357
55,3,DSDA04,0.5621266272205425
55,4,DSDA05,0.4084773241037186
55,5,DSDA06,0.768839003926072
55,6,DSDM01,0.578439967788658
55,7,DSDM02,0.3835750085211249
55,8,DSDM03,0.826841600847626
55,9,DSDM04,0.4825267394265803
55,10,DSDM05,0.5741487483046288
55,11,DSDM06,0.6064714809337147
55,12,DSENG01,0.48278078295639615
55,13,DSENG02,0.5608010711018557
55,14,DSENG03,0.43873286558657143
55,15,DSENG04,0.3507450663779069
55,16,DSENG05,0.3714732107054233
55,17,DSENG06,0.5762878585161146
55,18,DSRM01,0.7135361529275805
55,19,DSRM02,0.6213785638481271
55,20,DSRM03,0.39631169016814227
55,21,DSRM04,0.4720194895112284
55,22,DSRM05,0.6466271020534473
55,23,DSRM06,0.6019770495233567
56,0,DSDA01,0.5971408838814746
56,1,DSDA02,0.357890718063385
56,2,DSDA03,0.5226739352871136
56,3,DSDA04,0.5819042728499839
56,4,DSDA05,0.3195363980602235
56,5,DSDA06,0.6443726022416187
56,6,DSDM01,0.5199420938073435
56,7,DSDM02,0.2991641626066981
56,8,DSDM03,0.6474323903768691
56,9,DSDM04,0.5688911066376752
56,10,DSDM05,0.6060170252879113
56,11,DSDM06,0.5661278503839057
56,12,DSENG01,0.3796941559377035
56,13,DSENG02,0.5081711933345356
56,14,DSENG03,0.5489564302867636
56,15,DSENG04,0.3632069736305237
56,16,DSENG05,0.4509687637728875
56,17,DSENG06,0.4643628624314101
56,18,DSRM01,0.6647763723256576
56,19,DSRM02,0.5178573011921398
56,20,DSRM03,0.3697791170960313
56,21,DSRM04,0.39712610952545224
56,22,DSRM05,0.6248642075772202
56,23,DSRM06,0.6815898536076341
57,0,DSDA01,0.7465397931246424
57,1,DSDA02,0.5325432195568041
57,2,DSDA03,0.6921007381697595
57,3,DSDA04,0.6935900061411264
57,4,DSDA05,0.38105367169984206
57,5,DSDA06,0.6516210470833768
57,6,DSDM01,0.7310970568263879
57,7,DSDM02,0.6028588451797618
57,8,DSDM03,0.8551360829721995
57,9,DSDM04,0.7062150118247272
57,10,DSDM05,0.6861071866832575
57,11,DSDM06,0.6650703188743952
57,12,DSENG01,0.6634723313848417
57,13,DSENG02,0.5284931337683866
57,14,DSENG03,0.2983224658482
57,15,DSENG04,0.46831698518008746
57,16,DSENG05,0.28550974200396007
57,17,DSENG06,0.4925404665872497
57,18,DSRM01,0.6307354826352465
57,19,DSRM02,0.7472626570849086
57,20,DSRM03,0.6143831243118432
57,21,DSRM04,0.6501386393997554
57,22,DSRM05,0.5946191635307042
57,23,DSRM06,0.6731000272504257
58,0,DSDA01,0.46960254796927303
58,1,DSDA02,0.46531692009832004
58,2,DSDA03,0.5295628148863902
58,3,DSDA04,0.5069809680151423
58,4,DSDA05,0.30838507818577787
58,5,DSDA06,0.6507330123115946
58,6,DSDM01,0.6186782736973184
58,7,DSDM02,0.47428922813380825
58,8,DSDM03,0.7408909184673909
58,9,DSDM04,0.709540215984037
58,10,DSDM05,0.5504719064316923
58,11,DSDM06,0.5967053647914495
58,12,DSENG01,0.5344011769780175
58,13,DSENG02,0.4750351631848607
58,14,DSENG03,0.33865656508252906
58,15,DSENG04,0.5219405113754405
58,16,DSENG05,0.26928387512638197
58,17,DSENG06,0.45742750048199554
58,18,DSRM01,0.5103473988351311
58,19,DSRM02,0.6515474077410995
58,20,DSRM03,0.47423517190364306
58,21,DSRM04,0.5251655849144145
58,22,DSRM05,0.5545602070669999
58,23,DSRM06,0.6356119913470412
59,0,DSDA01,0.7219832081311699
59,1,DSDA02,0.5649841636463305
59,2,DSDA03,0.6779080124357042
59,3,DSDA04,0.737896374086201
59,4,DSDA05,0.47030149849730496
59,5,DSDA06,0.755352047002747
59,6,DSDM01,0.6987172402647785
59,7,DSDM02,0.6087953716456316
59,8,DSDM03,0.7426150462767499
59,9,DSDM04,0.7441810599422514
59,10,DSDM05,0.628441503010749
59,11,DSDM06,0.5645201900332943
59,12,DSENG01,0.663188435446801
59,13,DSENG02,0.5232787553754321
59,14,DSENG03,0.22754915913764517
59,15,DSENG04,0.46329931716129424
59,16,DSENG05,0.26758217715665655
59,17,DSENG06,0.5698870690393772
59,18,DSRM01,0.6119668161899594
59,19,DSRM02,0.6636573653949713
59,20,DSRM03,0.6805128669519234
59,21,DSRM04,0.7237617939005112
59,22,DSRM05,0.6389078268730518
59,23,DSRM06,0.6310874509787208
60,0,DSDA01,0.5913484832896276
60,1,DSDA02,0.4987792170380607
60,2,DSDA03,0.6131312213112378
60,3,DSDA04,0.6239675648425247
60,4,DSDA05,0.4003505499033252
60,5,DSDA06,0.6994121049785612
60,6,DSDM01,0.6338981689174759
60,7,DSDM02,0.5707654319010271
60,8,DSDM03,0.7350372237851461
60,9,DSDM04,0.7226323016452734
60,10,DSDM05,0.5545424888071058
60,11,DSDM06,0.5126053293247991
60,12,DSENG01,0.573921501010765
60,13,DSENG02,0.46651623526054553
60,14,DSENG03,0.30701855443872117
60,15,DSENG04,0.4684545955720313
60,16,DSENG05,0.22701042053137188
60,17,DSENG06,0.5065795810709985
60,18,DSRM01,0.5505904652137394
60,19,DSRM02,0.6147937238989069
60,20,DSRM03,0.5808788438001616
60,21,DSRM04,0.6432056951504599
60,22,DSRM05,0.5607493778909323
60,23,DSRM06,0.5444971545566722
61,0,DSDA01,0.6277817762520002
61,1,DSDA02,0.45121536513619476
61,2,DSDA03,0.5367584384793007
61,3,DSDA04,0.6698750709581502
61,4,DSDA05,0.3568135796200288
61,5,DSDA06,0.60414388924117
61,6,DSDM01,0.6008893503194186
61,7,DSDM02,0.5524403187306097
61,8,DSDM03,0.6171477943041632
61,9,DSDM04,0.666398939612612
61,10,DSDM05,0.617595389423717
61,11,DSDM06,0.5380309356022446
61,12,DSENG01,0.6197906549465455
61,13,DSENG02,0.517997535510566
61,14,DSENG03,0.38327694089442654
61,15,DSENG04,0.3677647137630141
61,16,DSENG05,0.3435926126184422
61,17,DSENG06,0.36453265700446635
61,18,DSRM01,0.6829450833088734
61,19,DSRM02,0.658505592402179
61,20,DSRM03,0.5099231563093695
61,21,DSRM04,0.49853298527033585
61,22,DSRM05,0.6864984306286357
61,23,DSRM06,0.6008189458922979
62,0,DSDA01,0.5619205037754518
62,1,DSDA02,0.5505787611967901
62,2,DSDA03,0.4948409454210645
62,3,DSDA04,0.4665518362698562
62,4,DSDA05,0.3542256618821832
62,5,DSDA06,0.5124977420529346
62,6,DSDM01,0.5582033337320165
62,7,DSDM02,0.47271333684813266
62,8,DSDM03,0.7908860333194341
62,9,DSDM04,0.6183947844573326
62,10,DSDM05,0.584742815458758
62,11,DSDM06,0.6164330639122754
62,12,DSENG01,0.43055629000071416
62,13,DSENG02,0.4458284638822335
62,14,DSENG03,0.39750795589438503
62,15,DSENG04,0.49842604537297985
62,16,DSENG05,0.3211250558358334
62,17,DSENG06,0.4607780573401693
62,18,DSRM01,0.5751875673023492
62,19,DSRM02,0.5552391860771109
62,20,DSRM03,0.4070272721652243
62,21,DSRM04,0.5582054903658114
62,22,DSRM05,0.4696836400284662
62,23,DSRM06,0.5848719527163296
63,0,DSDA01,0.5602060484795843
63,1,DSDA02,0.49747565409702754
63,2,DSDA03,0.5022216857829436
63,3,DSDA04,0.5592388601179425
63,4,DSDA05,0.32738843748825175
63,5,DSDA06,0.6813032321948491
63,6,DSDM01,0.4694784178795035
63,7,DSDM02,0.49732309956397713
63,8,DSDM03,0.8273759282428127
63,9,DSDM04,0.639683896280324
63,10,DSDM05,0.5491430754486568
63,11,DSDM06,0.658225493484522
63,12,DSENG01,0.4630811351762809
63,13,DSENG02,0.48129836373328017
63,14,DSENG03,0.2818920753987645
63,15,DSENG04,0.4540110412441051
63,16,DSENG05,0.3164672534397447
63,17,DSENG06,0.536381649473537
63,18,DSRM01,0.6207740608742502
63,19,DSRM02,0.7509369870560165
63,20,DSRM03,0.496700945896274
63,21,DSRM04,0.5529632182831117
63,22,DSRM05,0.6756503262619087
63,23,DSRM06,0.6001480310210733
64,0,DSDA01,0.667618205862222
64,1,DSDA02,0.7619602089441805
64,2,DSDA03,0.6672913666209519
64,3,DSDA04,0.5412576994805497
64,4,DSDA05,0.7036769554577323
64,5,DSDA06,0.7746895352153262
64,6,DSDM01,0.6954482058091602
64,7,DSDM02,0.5883270712824372
64,8,DSDM03,0.8950489219054724
64,9,DSDM04,0.6931629395349639
64,10,DSDM05,0.6589806042983013
64,11,DSDM06,0.759358190492471
64,12,DSENG01,0.6556646387487521
64,13,DSENG02,0.6887518358662108
64,14,DSENG03,0.13354098525863445
64,15,DSENG04,0.7835612934784486
64,16,DSENG05,0.18161510541574777
64,17,DSENG06,0.808122614240859
64,18,DSRM01,0.740336712285408
64,19,DSRM02,0.7289205418897612
64,20,DSRM03,0.6022590973236439
64,21,DSRM04,0.7431279578306784
64,22,DSRM05,0.6089228823873649
64,23,DSRM06,0.7812948967596465
65,0,DSDA01,0.4096097681791139
65,1,DSDA02,0.46607047404215585
65,2,DSDA03,0.3748526580040332
65,3,DSDA04,0.38378247090737216
65,4,DSDA05,0.2029644584717082
65,5,DSDA06,0.6255387415828223
65,6,DSDM01,0.43345678067208093
65,7,DSDM02,0.5726322349460146
65,8,DSDM03,0.8260210934293817
65,9,DSDM04,0.6814199161838486
65,10,DSDM05,0.5851103437296958
65,11,DSDM06,0.6197944225781835
65,12,DSENG01,0.5272959203269265
65,13,DSENG02,0.509867301294572
65,14,DSENG03,0.4093004169822272
65,15,DSENG04,0.38155076615545824
65,16,DSENG05,0.5114066103459536
65,17,DSENG06,0.45754169614096585
65,18,DSRM01,0.6491416403211757
65,19,DSRM02,0.6650844263191122
65,20,DSRM03,0.5211689309897927
65,21,DSRM04,0.7002217126716828
65,22,DSRM05,0.6438825864664828
65,23,DSRM06,0.5774972436073565
66,0,DSDA01,0.631644032089147
66,1,DSDA02,0.47643063534480434
66,2,DSDA03,0.4402405174278218
66,3,DSDA04,0.6129618284462683
66,4,DSDA05,0.35144496437617245
66,5,DSDA06,0.6656140448127785
66,6,DSDM01,0.3870251993075796
66,7,DSDM02,0.49310838224016984
66,8,DSDM03,0.8122406143281081
66,9,DSDM04,0.5181521426205156
66,10,DSDM05,0.4775509573983908
66,11,DSDM06,0.45346019343240396
66,12,DSENG01,0.4012817245456536
66,13,DSENG02,0.3205903921294764
66,14,DSENG03,0.4452577696204494
66,15,DSENG04,0.36669107372756116
66,16,DSENG05,0.4044415225409599
66,17,DSENG06,0.575274514685906
66,18,DSRM01,0.4775193645533403
66,19,DSRM02,0.6750255908642324
66,20,DSRM03,0.5018160616953025
66,21,DSRM04,0.5663791036765053
66,22,DSRM05,0.6416237505836664
66,23,DSRM06,0.4231297681664411
67,0,DSDA01,0.5300490470593742
67,1,DSDA02,0.3300964398300974
67,2,DSDA03,0.5259035320089356
67,3,DSDA04,0.6370673042249383
67,4,DSDA05,0.3680941879197699
67,5,DSDA06,0.7945426675065932
67,6,DSDM01,0.454871376921843
67,7,DSDM02,0.35209642060768354
67,8,DSDM03,0.506901484586039
67,9,DSDM04,0.6056381905598658
67,10,DSDM05,0.4513537586699
67,11,DSDM06,0.39738299409749567
67,12,DSENG01,0.3577536976308955
67,13,DSENG02,0.46013992795343217
67,14,DSENG03,0.6067591173862762
67,15,DSENG04,0.34855237740340494
67,16,DSENG05,0.4211283367586979
67,17,DSENG06,0.5321057472299928
67,18,DSRM01,0.5465911911263934
67,19,DSRM02,0.48997792337668
67,20,DSRM03,0.47019498539158877
67,21,DSRM04,0.46550955978833697
67,22,DSRM05,0.6227361594478134
67,23,DSRM06,0.556103507901891
68,0,DSDA01,0.6941899695708182
68,1,DSDA02,0.5736206190025936
68,2,DSDA03,0.4586275343908044
68,3,DSDA04,0.7131371043176342
68,4,DSDA05,0.4578995922036677
68,5,DSDA06,0.42269432295938825
68,6,DSDM01,0.7053948422147132
68,7,DSDM02,0.5312689504247166
68,8,DSDM03,0.7215643138052561
68,9,DSDM04,0.639006649202074
68,10,DSDM05,0.617152149099045
68,11,DSDM06,0.5901042224678192
68,12,DSENG01,0.6452657273003426
68,13,DSENG02,0.4223571491796535
68,14,DSENG03,0.3612733980451118
68,15,DSENG04,0.5430994861491982
68,16,DSENG05,0.34909479746388805
68,17,DSENG06,0.3215415767220734
68,18,DSRM01,0.5448034116435363
68,19,DSRM02,0.6984405937749134
68,20,DSRM03,0.3686496130711735
68,21,DSRM04,0.41452926160557757
68,22,DSRM05,0.6928492150434031
68,23,DSRM06,0.6173034012331083
69,0,DSDA01,0.2987619567682708
69,1,DSDA02,0.37646061466541836
69,2,DSDA03,0.3005038699361292
69,3,DSDA04,0.46406337117967666
69,4,DSDA05,0.4056792012954461
69,5,DSDA06,0.7376620120238663
69,6,DSDM01,0.6573001114334149
69,7,DSDM02,0.6212153471271706
69,8,DSDM03,0.557560516966007
69,9,DSDM04,0.5931777638054931
69,10,DSDM05,0.6994883180449392
69,11,DSDM06,0.48676356614076666
69,12,DSENG01,0.7375188367289987
69,13,DSENG02,0.7079790672866804
69,14,DSENG03,0.4117134209316735
69,15,DSENG04,0.5489616349904752
69,16,DSENG05,0.3437512153935709
69,17,DSENG06,0.5130385405037445
69,18,DSRM01,0.620104882225271
69,19,DSRM02,0.7527735544944494
69,20,DSRM03,0.47242654499361014
69,21,DSRM04,0.4488854785573353
69,22,DSRM05,0.7829671929631925
69,23,DSRM06,0.6235322916197272
70,0,DSDA01,0.5002556689902892
70,1,DSDA02,0.3798949725164983
70,2,DSDA03,0.4823387741332421
70,3,DSDA04,0.506722997744427
70,4,DSDA05,0.2623228129604497
70,5,DSDA06,0.6379515152323172
70,6,DSDM01,0.6194993596752509
70,7,DSDM02,0.4795825140781329
70,8,DSDM03,0.7032872712393012
70,9,DSDM04,0.6520352386770345
70,10,DSDM05,0.6402091749583363
70,11,DSDM06,0.6388784883409657
70,12,DSENG01,0.5559975627730578
70,13,DSENG02,0.6008507175209472
70,14,DSENG03,0.3817864497282535
70,15,DSENG04,0.37866247523410934
70,16,DSENG05,0.3935407612523759
70,17,DSENG06,0.4109406952674659
70,18,DSRM01,0.6769623046929625
70,19,DSRM02,0.6400864909851703
70,20,DSRM03,0.45784322091628793
70,21,DSRM04,0.565727914143755
70,22,DSRM05,0.6007602638690197
70,23,DSRM06,0.6813904328503272
71,0,DSDA01,0.5385639857582364
71,1,DSDA02,0.45967231047065604
71,2,DSDA03,0.4615317681938621
71,3,DSDA04,0.415031802785771
71,4,DSDA05,0.2962748618812696
71,5,DSDA06,0.6623212949071757
71,6,DSDM01,0.6429554830310067
71,7,DSDM02,0.5116130809317623
71,8,DSDM03,0.7683410495558057
71,9,DSDM04,0.6180502975149365
71,10,DSDM05,0.564359944148574
71,11,DSDM06,0.551683522434449
71,12,DSENG01,0.5885022646502369
71,13,DSENG02,0.40803861475655334
71,14,DSENG03,0.4926475977396869
71,15,DSENG04,0.375144560834328
71,16,DSENG05,0.5157243439320234
71,17,DSENG06,0.46297038791833733
71,18,DSRM01,0.4813654035152014
71,19,DSRM02,0.5082758935019194
71,20,DSRM03,0.5045661429788666
71,21,DSRM04,0.6175738154521505
71,22,DSRM05,0.49778338450153736
71,23,DSRM06,0.5346833463437646
72,0,DSDA01,0.4106269623505252
72,1,DSDA02,0.4250607462462873
72,2,DSDA03,0.40335652941783884
72,3,DSDA04,0.4411900422079189
72,4,DSDA05,0.27993902723599007
72,5,DSDA06,0.5936484062669417
72,6,DSDM01,0.5144501863396598
72,7,DSDM02,0.4228218412079018
72,8,DSDM03,0.6739017218554124
72,9,DSDM04,0.6187811214008403
72,10,DSDM05,0.5951632244911284
72,11,DSDM06,0.5729616123405485
72,12,DSENG01,0.45088995674818266
72,13,DSENG02,0.5323452380674631
72,14,DSENG03,0.39066492100857864
72,15,DSENG04,0.4234282959348642
72,16,DSENG05,0.36566697289189387
72,17,DSENG06,0.4400209027543508
72,18,DSRM01,0.630002473990393
72,19,DSRM02,0.5854545737086251
72,20,DSRM03,0.3921854543399358
72,21,DSRM04,0.5049154987663177
72,22,DSRM05,0.5752738852049025
72,23,DSRM06,0.6138436783621073
73,0,DSDA01,0.6112810721448374
73,1,DSDA02,0.45186549388438546
73,2,DSDA03,0.5595193834524517
73,3,DSDA04,0.5195272477495103
73,4,DSDA05,0.2515282044374838
73,5,DSDA06,0.5632647648121576
73,6,DSDM01,0.5311992815717932
73,7,DSDM02,0.3611296373911804
73,8,DSDM03,0.6328181128588528
73,9,DSDM04,0.5676459250544525
73,10,DSDM05,0.5539396842539036
73,11,DSDM06,0.5316401777820647
73,12,DSENG01,0.4881023261564067
73,13,DSENG02,0.3957067126591415
73,14,DSENG03,0.6155920511461785
73,15,DSENG04,0.3353025397325753
73,16,DSENG05,0.48505439710149567
73,17,DSENG06,0.3869432371925897
73,18,DSRM01,0.5747547024109207
73,19,DSRM02,0.5797001658231766
73,20,DSRM03,0.4551823632437271
73,21,DSRM04,0.42344331330164353
73,22,DSRM05,0.47113006682766767
73,23,DSRM06,0.6369281252343768
74,0,DSDA01,0.5068892295229065
74,1,DSDA02,0.5135674302398802
74,2,DSDA03,0.4478244291947826
74,3,DSDA04,0.4610388320529917
74,4,DSDA05,0.4474893992567355
74,5,DSDA06,0.5911290627294857
74,6,DSDM01,0.5971405011802641
74,7,DSDM02,0.44167186407030523
74,8,DSDM03,0.6976231427050645
74,9,DSDM04,0.5683057813144781
74,10,DSDM05,0.5238144463348753
74,11,DSDM06,0.5742545083298931
74,12,DSENG01,0.5023232803546428
74,13,DSENG02,0.5658181911991629
74,14,DSENG03,0.30247024257668353
74,15,DSENG04,0.5336030544932151
74,16,DSENG05,0.2554790511070977
74,17,DSENG06,0.5334087146141064
74,18,DSRM01,0.5967901457034887
74,19,DSRM02,0.602184023500141
74,20,DSRM03,0.39765267992203446
74,21,DSRM04,0.6176159014126366
74,22,DSRM05,0.4626766933295072
74,23,DSRM06,0.6459779301686405
75,0,DSDA01,0.4832861103371243
75,1,DSDA02,0.548829211440674
75,2,DSDA03,0.5489087133431412
75,3,DSDA04,0.5123862167721512
75,4,DSDA05,0.39469773443336387
75,5,DSDA06,0.7373956088318772
75,6,DSDM01,0.45313908120534363
75,7,DSDM02,0.3746808076990128
75,8,DSDM03,0.5799502998211403
75,9,DSDM04,0.6772139119668164
75,10,DSDM05,0.5222842751165215
75,11,DSDM06,0.4273899425139336
75,12,DSENG01,0.37547332738626027
75,13,DSENG02,0.4221735207066666
75,14,DSENG03,0.39016426582466757
75,15,DSENG04,0.47161309523283035
75,16,DSENG05,0.31065942429194715
75,17,DSENG06,0.6225098662035571
75,18,DSRM01,0.5241833736689776
75,19,DSRM02,0.42920526965323813
75,20,DSRM03,0.5543888946910733
75,21,DSRM04,0.5975260108843585
75,22,DSRM05,0.505582363305604
75,23,DSRM06,0.598730291874519
76,0,DSDA01,0.6162314661618153
76,1,DSDA02,0.6857817792980796
76,2,DSDA03,0.5734350311521998
76,3,DSDA04,0.5690095491454099
76,4,DSDA05,0.48979405242330754
76,5,DSDA06,0.6609572571446143
76,6,DSDM01,0.6047870717156211
76,7,DSDM02,0.45584406228950747
76,8,DSDM03,0.7954972931086328
76,9,DSDM04,0.6412771633499252
76,10,DSDM05,0.6452467533487389
76,11,DSDM06,0.6399380529928648
76,12,DSENG01,0.4596830973040835
76,13,DSENG02,0.4556833009685095
76,14,DSENG03,0.20892406117857798
76,15,DSENG04,0.6086902012475048
76,16,DSENG05,0.22978632443699254
76,17,DSENG06,0.6643597424547751
76,18,DSRM01,0.5383638123648107
76,19,DSRM02,0.6237572155285791
76,20,DSRM03,0.5215484897688815
76,21,DSRM04,0.5565109446236604
76,22,DSRM05,0.5465791070971217
76,23,DSRM06,0.6409118727135305
77,0,DSDA01,0.6112810721448374
77,1,DSDA02,0.45186549388438546
77,2,DSDA03,0.5595193834524517
77,3,DSDA04,0.5195272477495103
77,4,DSDA05,0.2515282044374838
77,5,DSDA06,0.5632647648121576
77,6,DSDM01,0.5311992815717932
77,7,DSDM02,0.3611296373911804
77,8,DSDM03,0.6328181128588528
77,9,DSDM04,0.5676459250544525
77,10,DSDM05,0.5539396842539036
77,11,DSDM06,0.5316401777820647
77,12,DSENG01,0.4881023261564067
77,13,DSENG02,0.3957067126591415
77,14,DSENG03,0.6155920511461785
77,15,DSENG04,0.3353025397325753
77,16,DSENG05,0.48505439710149567
77,17,DSENG06,0.3869432371925897
77,18,DSRM01,0.5747547024109207
77,19,DSRM02,0.5797001658231766
77,20,DSRM03,0.4551823632437271
77,21,DSRM04,0.42344331330164353
77,22,DSRM05,0.47113006682766767
77,23,DSRM06,0.6369281252343768
78,0,DSDA01,0.552599872402624
78,1,DSDA02,0.6054771221687603
78,2,DSDA03,0.6007074143340259
78,3,DSDA04,0.5835970038393964
78,4,DSDA05,0.48507781542761275
78,5,DSDA06,0.8558620754237842
78,6,DSDM01,0.6325593127113329
78,7,DSDM02,0.5610265657535689
78,8,DSDM03,0.7544884468348808
78,9,DSDM04,0.7524281889880353
78,10,DSDM05,0.6566387444243238
78,11,DSDM06,0.6860916602950347
78,12,DSENG01,0.6175830773451331
78,13,DSENG02,0.6294676936104014
78,14,DSENG03,0.12641492157536305
78,15,DSENG04,0.6009106155153405
78,16,DSENG05,0.23952271559173743
78,17,DSENG06,0.7018548517474896
78,18,DSRM01,0.65220585699722
78,19,DSRM02,0.7155984686136779
78,20,DSRM03,0.6545346222807181
78,21,DSRM04,0.6698053022884252
78,22,DSRM05,0.7144694877816091
78,23,DSRM06,0.7423141275914984
79,0,DSDA01,0.6264196079902966
79,1,DSDA02,0.5584127576369717
79,2,DSDA03,0.5467784086239407
79,3,DSDA04,0.6375914280211226
79,4,DSDA05,0.48630423326442473
79,5,DSDA06,0.6577509613494088
79,6,DSDM01,0.5892274086020377
79,7,DSDM02,0.3970212226872465
79,8,DSDM03,0.6924878650279936
79,9,DSDM04,0.6180850666200757
79,10,DSDM05,0.57680084082504
79,11,DSDM06,0.5885018412155814
79,12,DSENG01,0.5417789744088455
79,13,DSENG02,0.4556548781203513
79,14,DSENG03,0.24739831051007666
79,15,DSENG04,0.4979524829098514
79,16,DSENG05,0.2672348263250993
79,17,DSENG06,0.5212051502157296
79,18,DSRM01,0.6390680508108019
79,19,DSRM02,0.656246141034744
79,20,DSRM03,0.43217433091412183
79,21,DSRM04,0.38356929802345807
79,22,DSRM05,0.6854430224874317
79,23,DSRM06,0.6151318051141764
80,0,DSDA01,0.6113693246232125
80,1,DSDA02,0.5502843498548536
80,2,DSDA03,0.46419971068150423
80,3,DSDA04,0.5780445785577452
80,4,DSDA05,0.24428527426057278
80,5,DSDA06,0.4820621419593003
80,6,DSDM01,0.6143277364146043
80,7,DSDM02,0.6100711476079664
80,8,DSDM03,0.7610908588105656
80,9,DSDM04,0.7934510224378865
80,10,DSDM05,0.6201196105264182
80,11,DSDM06,0.6136510880718944
80,12,DSENG01,0.6422767796928842
80,13,DSENG02,0.39464330234458755
80,14,DSENG03,0.4751012817680975
80,15,DSENG04,0.3871304622184937
80,16,DSENG05,0.5966678397252254
80,17,DSENG06,0.26995874325717384
80,18,DSRM01,0.5672271029182288
80,19,DSRM02,0.5678951924558242
80,20,DSRM03,0.5369326227702582
80,21,DSRM04,0.6737085674845688
80,22,DSRM05,0.6666009739932286
80,23,DSRM06,0.6214305464420655
81,0,DSDA01,0.5482629693127175
81,1,DSDA02,0.5077918877683074
81,2,DSDA03,0.463287090543407
81,3,DSDA04,0.37541219803135006
81,4,DSDA05,0.38321477812595184
81,5,DSDA06,0.599956437560908
81,6,DSDM01,0.6255384406763833
81,7,DSDM02,0.4652783577248928
81,8,DSDM03,0.7712514602985019
81,9,DSDM04,0.5084859347925115
81,10,DSDM05,0.7043834911486762
81,11,DSDM06,0.5864407027025024
81,12,DSENG01,0.5116028247610866
81,13,DSENG02,0.5492682517162139
81,14,DSENG03,0.4480085981528421
81,15,DSENG04,0.5112289840775757
81,16,DSENG05,0.36619034637134784
81,17,DSENG06,0.5832607848029445
81,18,DSRM01,0.5845256097375566
81,19,DSRM02,0.5249534127964187
81,20,DSRM03,0.4415998529708991
81,21,DSRM04,0.5684867560131925
81,22,DSRM05,0.4544173512036239
81,23,DSRM06,0.6617976889298709
82,0,DSDA01,0.5182554162068767
82,1,DSDA02,0.4872466324743959
82,2,DSDA03,0.504396703607281
82,3,DSDA04,0.45339445412618573
82,4,DSDA05,0.2860835898906845
82,5,DSDA06,0.6643350201507439
82,6,DSDM01,0.4995209702355957
82,7,DSDM02,0.340519615095789
82,8,DSDM03,0.7112937622665194
82,9,DSDM04,0.5739493884513376
82,10,DSDM05,0.6339939228916386
82,11,DSDM06,0.6129503385462421
82,12,DSENG01,0.39020501793712026
82,13,DSENG02,0.46497107579621777
82,14,DSENG03,0.41396269180966916
82,15,DSENG04,0.42931700015256935
82,16,DSENG05,0.38851075012084124
82,17,DSENG06,0.5552757528826395
82,18,DSRM01,0.5832547129144228
82,19,DSRM02,0.5683074991224397
82,20,DSRM03,0.4518037936272843
82,21,DSRM04,0.44522546191064694
82,22,DSRM05,0.5414972761825614
82,23,DSRM06,0.6683701412750698
83,0,DSDA01,0.47460547849810186
83,1,DSDA02,0.42560818142582857
83,2,DSDA03,0.49517579269033907
83,3,DSDA04,0.560937906990121
83,4,DSDA05,0.4341952862260823
83,5,DSDA06,0.6777436212680952
83,6,DSDM01,0.545704701131462
83,7,DSDM02,0.3181193814097447
83,8,DSDM03,0.5616318743859003
83,9,DSDM04,0.6081593819790181
83,10,DSDM05,0.49335489527488685
83,11,DSDM06,0.5712215382141748
83,12,DSENG01,0.41750819837718156
83,13,DSENG02,0.5429469213339218
83,14,DSENG03,0.4125873719972232
83,15,DSENG04,0.5270911907453291
83,16,DSENG05,0.2708562489559827
83,17,DSENG06,0.49147694280463916
83,18,DSRM01,0.6137479968374349
83,19,DSRM02,0.607458237545774
83,20,DSRM03,0.33530903329101236
83,21,DSRM04,0.33685406950127506
83,22,DSRM05,0.6174937838394652
83,23,DSRM06,0.6720380665786967
84,0,DSDA01,0.5001391800835907
84,1,DSDA02,0.3817289999680109
84,2,DSDA03,0.48246670881525355
84,3,DSDA04,0.5959174834031624
84,4,DSDA05,0.2105816567903005
84,5,DSDA06,0.704468890466053
84,6,DSDM01,0.476545867711586
84,7,DSDM02,0.4340084022463079
84,8,DSDM03,0.5776826345458794
84,9,DSDM04,0.6835838657763431
84,10,DSDM05,0.5052472501138034
84,11,DSDM06,0.44768082904709927
84,12,DSENG01,0.4540216796304478
84,13,DSENG02,0.396599031800567
84,14,DSENG03,0.5337365009709608
84,15,DSENG04,0.23516412836380252
84,16,DSENG05,0.5363042983536195
84,17,DSENG06,0.4082261045288026
84,18,DSRM01,0.5365016813817335
84,19,DSRM02,0.5362375964580219
84,20,DSRM03,0.5462329223754746
84,21,DSRM04,0.5767085269211287
84,22,DSRM05,0.6031101490424995
84,23,DSRM06,0.5203966158181182
85,0,DSDA01,0.5214583582164717
85,1,DSDA02,0.5850768025153341
85,2,DSDA03,0.5213118729939581
85,3,DSDA04,0.5745631894928587
85,4,DSDA05,0.3463552859928781
85,5,DSDA06,0.696469220475615
85,6,DSDM01,0.6552231837849656
85,7,DSDM02,0.6199654788951925
85,8,DSDM03,0.7187478719186773
85,9,DSDM04,0.7754581447810661
85,10,DSDM05,0.7645477201214465
85,11,DSDM06,0.5896475261562251
85,12,DSENG01,0.6361142745116986
85,13,DSENG02,0.5271643036875023
85,14,DSENG03,0.24435385696737022
85,15,DSENG04,0.49345293173179494
85,16,DSENG05,0.35055883297177215
85,17,DSENG06,0.5309808721007916
85,18,DSRM01,0.5859959893648066
85,19,DSRM02,0.6085839979648151
85,20,DSRM03,0.6464376560614549
85,21,DSRM04,0.6469932029571094
85,22,DSRM05,0.6920080471395762
85,23,DSRM06,0.6442256794311055
86,0,DSDA01,0.6079281067152629
86,1,DSDA02,0.6369943081998841
86,2,DSDA03,0.6401139505494642
86,3,DSDA04,0.5967415828465172
86,4,DSDA05,0.3564167511522742
86,5,DSDA06,0.7165525359904832
86,6,DSDM01,0.4460910024272482
86,7,DSDM02,0.41473412284013933
86,8,DSDM03,0.7964032751667658
86,9,DSDM04,0.7467172751198424
86,10,DSDM05,0.46750544861530063
86,11,DSDM06,0.6545402480423277
86,12,DSENG01,0.3828558902312946
86,13,DSENG02,0.37215748526826176
86,14,DSENG03,0.2690706206730693
86,15,DSENG04,0.4909210357298568
86,16,DSENG05,0.31927533148436515
86,17,DSENG06,0.5965636625326355
86,18,DSRM01,0.5465101361040423
86,19,DSRM02,0.6586783376990205
86,20,DSRM03,0.5864578427510304
86,21,DSRM04,0.6270209742386489
86,22,DSRM05,0.5610312849559838
86,23,DSRM06,0.6344066158351577
87,0,DSDA01,0.6022644246473179
87,1,DSDA02,0.49212519661524656
87,2,DSDA03,0.4155515961041245
87,3,DSDA04,0.5456546762845995
87,4,DSDA05,0.3048844694764079
87,5,DSDA06,0.4668352042582006
87,6,DSDM01,0.535426747892292
87,7,DSDM02,0.5378769050499379
87,8,DSDM03,0.6955278444111869
87,9,DSDM04,0.5665819040454078
87,10,DSDM05,0.6609290949847868
87,11,DSDM06,0.543056980506214
87,12,DSENG01,0.5172600033386282
87,13,DSENG02,0.4945587502247155
87,14,DSENG03,0.4438475696817925
87,15,DSENG04,0.441095791599463
87,16,DSENG05,0.37498907130979
87,17,DSENG06,0.40157778356009943
87,18,DSRM01,0.5857412936177708
87,19,DSRM02,0.6238779237767735
87,20,DSRM03,0.44617066694113183
87,21,DSRM04,0.5575811200329093
87,22,DSRM05,0.5848331270210481
87,23,DSRM06,0.6478266146348917
88,0,DSDA01,0.64182788071111
88,1,DSDA02,0.4660588135563637
88,2,DSDA03,0.638698187582089
88,3,DSDA04,0.6464338743561524
88,4,DSDA05,0.5023510006221764
88,5,DSDA06,0.8096713457710891
88,6,DSDM01,0.5546031711582136
88,7,DSDM02,0.3833959751449971
88,8,DSDM03,0.6152151116419444
88,9,DSDM04,0.512661028696582
88,10,DSDM05,0.5336568619514597
88,11,DSDM06,0.4402685280009605
88,12,DSENG01,0.420303222767891
88,13,DSENG02,0.5029666306702225
88,14,DSENG03,0.3679709823211693
88,15,DSENG04,0.36553788043223223
88,16,DSENG05,0.2275342642838012
88,17,DSENG06,0.6863996155564951
88,18,DSRM01,0.6276297995695154
88,19,DSRM02,0.5719202479845942
88,20,DSRM03,0.5377213323416652
88,21,DSRM04,0.534445211649921
88,22,DSRM05,0.4760140140147868
88,23,DSRM06,0.5035235999948154
89,0,DSDA01,0.48714851758921374
89,1,DSDA02,0.464456942743398
89,2,DSDA03,0.4712959796245555
89,3,DSDA04,0.5724575164819705
89,4,DSDA05,0.25923911281852485
89,5,DSDA06,0.7225694634705072
89,6,DSDM01,0.47023289519158995
89,7,DSDM02,0.4197720444408204
89,8,DSDM03,0.5920704479869262
89,9,DSDM04,0.6290639990825705
89,10,DSDM05,0.5343690944773717
89,11,DSDM06,0.4783405730732767
89,12,DSENG01,0.41197266337573035
89,13,DSENG02,0.4094218977119404
89,14,DSENG03,0.4701155672223265
89,15,DSENG04,0.4007069876756625
89,16,DSENG05,0.4217115181863246
89,17,DSENG06,0.5422795141443553
89,18,DSRM01,0.42617016308508626
89,19,DSRM02,0.6178675285590792
89,20,DSRM03,0.5599236609906316
89,21,DSRM04,0.5389943333323592
89,22,DSRM05,0.575215706397987
89,23,DSRM06,0.608125412605512
90,0,DSDA01,0.551608999043703
90,1,DSDA02,0.5252392501707006
90,2,DSDA03,0.5441685185371798
90,3,DSDA04,0.5210194833320385
90,4,DSDA05,0.4286442756093143
90,5,DSDA06,0.7159033319529704
90,6,DSDM01,0.5064658707148626
90,7,DSDM02,0.3788914270320498
90,8,DSDM03,0.7467212338915893
90,9,DSDM04,0.6245790473855433
90,10,DSDM05,0.46395661648133923
90,11,DSDM06,0.589042880936141
90,12,DSENG01,0.43247959043900586
90,13,DSENG02,0.44848622018465567
90,14,DSENG03,0.23234412416424632
90,15,DSENG04,0.46267998300503954
90,16,DSENG05,0.24994022791458304
90,17,DSENG06,0.5821525447183433
90,18,DSRM01,0.6041143724757434
90,19,DSRM02,0.5984938728040405
90,20,DSRM03,0.455077021721366
90,21,DSRM04,0.5469057193090292
90,22,DSRM05,0.5497777382298052
90,23,DSRM06,0.5754065249192903
91,0,DSDA01,0.6897030335740377
91,1,DSDA02,0.28361463172241796
91,2,DSDA03,0.6062339398005869
91,3,DSDA04,0.7059082082696606
91,4,DSDA05,0.34469132516782397
91,5,DSDA06,0.7679033749290423
91,6,DSDM01,0.7507275003538616
91,7,DSDM02,0.6269565964021073
91,8,DSDM03,0.7000524039294482
91,9,DSDM04,0.6807958730622607
91,10,DSDM05,0.6685024308049881
91,11,DSDM06,0.6394590522117998
91,12,DSENG01,0.7763432625573168
91,13,DSENG02,0.7152715082202707
91,14,DSENG03,0.48593539633977045
91,15,DSENG04,0.3092048797458212
91,16,DSENG05,0.4833099080500006
91,17,DSENG06,0.39620253929184424
91,18,DSRM01,0.7884731954408322
91,19,DSRM02,0.7493732930958129
91,20,DSRM03,0.5809598164779564
91,21,DSRM04,0.6342625149576755
91,22,DSRM05,0.7630161079911915
91,23,DSRM06,0.7151371531872832
92,0,DSDA01,0.6084934889003493
92,1,DSDA02,0.42882279165470727
92,2,DSDA03,0.5075696700370393
92,3,DSDA04,0.5948125002294542
92,4,DSDA05,0.3850390148061672
92,5,DSDA06,0.598892786306346
92,6,DSDM01,0.5207566699090627
92,7,DSDM02,0.3655579588536456
92,8,DSDM03,0.6032559637277823
92,9,DSDM04,0.6434324496440844
92,10,DSDM05,0.45646214475462155
92,11,DSDM06,0.48385548835819503
92,12,DSENG01,0.4885942511308652
92,13,DSENG02,0.41578833924655956
92,14,DSENG03,0.4490136075905259
92,15,DSENG04,0.395402730261153
92,16,DSENG05,0.38736763458475854
92,17,DSENG06,0.3856062770696753
92,18,DSRM01,0.600518340333972
92,19,DSRM02,0.48630046473987054
92,20,DSRM03,0.39402939388867897
92,21,DSRM04,0.4747428900920233
92,22,DSRM05,0.6185456898682873
92,23,DSRM06,0.6217175658187764
93,0,DSDA01,0.6652181574726457
93,1,DSDA02,0.721212896939854
93,2,DSDA03,0.6304554317223661
93,3,DSDA04,0.5665857036789792
93,4,DSDA05,0.528481074920105
93,5,DSDA06,0.54105970186951
93,6,DSDM01,0.6597443410248487
93,7,DSDM02,0.3836260063271384
93,8,DSDM03,0.8143873978396013
93,9,DSDM04,0.6620663007670007
93,10,DSDM05,0.639409423958875
93,11,DSDM06,0.6197831622943444
93,12,DSENG01,0.37757037795278114
93,13,DSENG02,0.36777965690715453
93,14,DSENG03,0.3658584517530099
93,15,DSENG04,0.6908322101317075
93,16,DSENG05,0.24346803037994957
93,17,DSENG06,0.6099476205284206
93,18,DSRM01,0.4705931511015009
93,19,DSRM02,0.4699645626366308
93,20,DSRM03,0.42229292469783364
93,21,DSRM04,0.4855682422512638
93,22,DSRM05,0.43593715569757285
93,23,DSRM06,0.6395476716409328
94,0,DSDA01,0.5287920779616819
94,1,DSDA02,0.594802803742501
94,2,DSDA03,0.5552128422559628
94,3,DSDA04,0.5373802710409411
94,4,DSDA05,0.4104944888081866
94,5,DSDA06,0.6767807384281245
94,6,DSDM01,0.47508774083022653
94,7,DSDM02,0.447772061615355
94,8,DSDM03,0.7281774030618762
94,9,DSDM04,0.7120520905973053
94,10,DSDM05,0.5127766140264451
94,11,DSDM06,0.6656802931257295
94,12,DSENG01,0.5378142856222555
94,13,DSENG02,0.5500016744480403
94,14,DSENG03,0.1940114263503545
94,15,DSENG04,0.5474871508203432
94,16,DSENG05,0.2566311672090259
94,17,DSENG06,0.5508218866976242
94,18,DSRM01,0.7068515234379167
94,19,DSRM02,0.7451705605870822
94,20,DSRM03,0.5220833756631683
94,21,DSRM04,0.5907041103520925
94,22,DSRM05,0.649224641318394
94,23,DSRM06,0.7363709870929579
95,0,DSDA01,0.5762491021518424
95,1,DSDA02,0.37475763376545856
95,2,DSDA03,0.6211543314608998
95,3,DSDA04,0.5073477131871499
95,4,DSDA05,0.3629380839793739
95,5,DSDA06,0.744031392675842
95,6,DSDM01,0.6071527309660258
95,7,DSDM02,0.3222170604248983
95,8,DSDM03,0.6907518113116071
95,9,DSDM04,0.5639003835390776
95,10,DSDM05,0.49081709617793323
95,11,DSDM06,0.5434106996939883
95,12,DSENG01,0.48795798271824564
95,13,DSENG02,0.47720743910692087
95,14,DSENG03,0.4699070790675828
95,15,DSENG04,0.3829988501079685
95,16,DSENG05,0.3281227346279102
95,17,DSENG06,0.5226960782767243
95,18,DSRM01,0.5961435717169252
95,19,DSRM02,0.5706918849000424
95,20,DSRM03,0.4383401148791811
95,21,DSRM04,0.45369380030485484
95,22,DSRM05,0.4601655861281704
95,23,DSRM06,0.609067845530262
96,0,DSDA01,0.49770380665204983
96,1,DSDA02,0.39339033352782016
96,2,DSDA03,0.5596936735988681
96,3,DSDA04,0.41554965046979786
96,4,DSDA05,0.29661124604170663
96,5,DSDA06,0.815119917409946
96,6,DSDM01,0.5969791276829259
96,7,DSDM02,0.4064903609842848
96,8,DSDM03,0.7384856998985438
96,9,DSDM04,0.6199921625764676
96,10,DSDM05,0.6619612672456583
96,11,DSDM06,0.6402532936066696
96,12,DSENG01,0.5681994665845264
96,13,DSENG02,0.6019290689257673
96,14,DSENG03,0.4378936010739053
96,15,DSENG04,0.37978188528817314
96,16,DSENG05,0.4646037161852522
96,17,DSENG06,0.5815305429086506
96,18,DSRM01,0.704601656886474
96,19,DSRM02,0.5929961631306805
96,20,DSRM03,0.5348267119879161
96,21,DSRM04,0.5460654465213628
96,22,DSRM05,0.5963001907022265
96,23,DSRM06,0.7101724155192386
97,0,DSDA01,0.47728679248409966
97,1,DSDA02,0.5811615602702356
97,2,DSDA03,0.4993346434214224
97,3,DSDA04,0.46303900040015655
97,4,DSDA05,0.35253566147662363
97,5,DSDA06,0.7430192849727493
97,6,DSDM01,0.4291570028801004
97,7,DSDM02,0.5208452286198482
97,8,DSDM03,0.6204540409001867
97,9,DSDM04,0.7154547811339169
97,10,DSDM05,0.5900784694423389
97,11,DSDM06,0.5355050821134884
97,12,DSENG01,0.5064144167254387
97,13,DSENG02,0.5358239243444927
97,14,DSENG03,0.319510812685209
97,15,DSENG04,0.45529805439984894
97,16,DSENG05,0.3818327086916071
97,17,DSENG06,0.6022485640207422
97,18,DSRM01,0.649453077408507
97,19,DSRM02,0.5419596302026003
97,20,DSRM03,0.6426100167194344
97,21,DSRM04,0.7161386906872332
97,22,DSRM05,0.6166803445514291
97,23,DSRM06,0.6774559700953365
98,0,DSDA01,0.49535649359086287
98,1,DSDA02,0.3685143420070447
98,2,DSDA03,0.5499485894033691
98,3,DSDA04,0.49315645833593447
98,4,DSDA05,0.3478460953522978
98,5,DSDA06,0.760585253463146
98,6,DSDM01,0.6323259025756014
98,7,DSDM02,0.4198867323147374
98,8,DSDM03,0.6925967145425709
98,9,DSDM04,0.6186178030807314
98,10,DSDM05,0.5447471842590621
98,11,DSDM06,0.5139390310667753
98,12,DSENG01,0.5271356286009887
98,13,DSENG02,0.5102829071322268
98,14,DSENG03,0.39920973318516584
98,15,DSENG04,0.41373313038262227
98,16,DSENG05,0.3025654732628674
98,17,DSENG06,0.5294582360923006
98,18,DSRM01,0.5562771005988393
98,19,DSRM02,0.555857466013826
98,20,DSRM03,0.47906801996917825
98,21,DSRM04,0.534577371712595
98,22,DSRM05,0.5168127438471861
98,23,DSRM06,0.583888459996063
99,0,DSDA01,0.49381876550221215
99,1,DSDA02,0.5892991903120153
99,2,DSDA03,0.4331494397380582
99,3,DSDA04,0.507386126093009
99,4,DSDA05,0.41458327689751906
99,5,DSDA06,0.5934819708597128
99,6,DSDM01,0.5189399555890076
99,7,DSDM02,0.3800523134474397
99,8,DSDM03,0.6391953496538955
99,9,DSDM04,0.6730164011842652
99,10,DSDM05,0.48656321971053595
99,11,DSDM06,0.39588855783986276
99,12,DSENG01,0.3815758669915197
99,13,DSENG02,0.27150107310027505
99,14,DSENG03,0.4394405309733894
99,15,DSENG04,0.45486502744682344
99,16,DSENG05,0.4315790944338739
99,17,DSENG06,0.5065362592732565
99,18,DSRM01,0.41034399268932276
99,19,DSRM02,0.32719023446072093
99,20,DSRM03,0.4358531106696194
99,21,DSRM04,0.5691207298464054
99,22,DSRM05,0.4904403932273279
99,23,DSRM06,0.450856636128542
